pl_name,hostname,sy_snum,sy_pnum,discoverymethod,disc_year,disc_facility,pl_controv_flag,pl_orbper,pl_orbpererr1,pl_orbpererr2,pl_orbperlim,pl_orbsmax,pl_orbsmaxerr1,pl_orbsmaxerr2,pl_orbsmaxlim,pl_rade,pl_radeerr1,pl_radeerr2,pl_radelim,pl_radj,pl_radjerr1,pl_radjerr2,pl_radjlim,pl_bmasse,pl_bmasseerr1,pl_bmasseerr2,pl_bmasselim,pl_bmassj,pl_bmassjerr1,pl_bmassjerr2,pl_bmassjlim,pl_bmassprov,pl_orbeccen,pl_orbeccenerr1,pl_orbeccenerr2,pl_orbeccenlim,pl_insol,pl_insolerr1,pl_insolerr2,pl_insollim,pl_eqt,pl_eqterr1,pl_eqterr2,pl_eqtlim,ttv_flag,st_spectype,st_teff,st_tefferr1,st_tefferr2,st_tefflim,st_rad,st_raderr1,st_raderr2,st_radlim,st_mass,st_masserr1,st_masserr2,st_masslim,st_met,st_meterr1,st_meterr2,st_metlim,st_metratio,st_logg,st_loggerr1,st_loggerr2,st_logglim,rastr,ra,decstr,dec,sy_dist,sy_disterr1,sy_disterr2,sy_vmag,sy_vmagerr1,sy_vmagerr2,sy_kmag,sy_kmagerr1,sy_kmagerr2,sy_gaiamag,sy_gaiamagerr1,sy_gaiamagerr2,coord_key,sep_min,sep_max,wds_status,search_radius_arcsec,D_proj_AU,R,pl_orbper_yr,q_assumed,tau_sec_q1_yr
16 Cyg B b,16 Cyg B,3,1,Radial Velocity,1996,Multiple Observatories,0,798.5,1.0,-1.0,0.0,1.66,0.03,-0.03,0.0,13.5,,,0.0,1.2,,,0.0,565.7374,25.4264,-25.4264,0.0,1.78,0.08,-0.08,0.0,Msini,0.68,0.02,-0.02,0.0,0.454,0.0203,-0.0203,0.0,228.76,2.32,-2.32,0.0,0,G3 V,5750.0,8.0,-8.0,0.0,1.13,0.01,-0.01,0.0,1.08,0.04,-0.04,0.0,0.06,,,0.0,[Fe/H],4.36,0.01,-0.01,0.0,19h41m51.75s,295.4656422,+50d31m00.57s,50.5168243,21.1397,0.011,-0.0111,6.215,0.016,-0.016,4.651,0.016,-0.016,6.06428,0.0006029,-0.0006029,"295.4656422,50.5168243",3.5,37.0,matched,60.0,73.98895,0.022435782640515912,2.186173853524983,1.0,193580.24011782606
18 Del b,18 Del,2,1,Radial Velocity,2008,Okayama Astrophysical Observatory,0,982.85,1.06,-0.92,0.0,2.476,0.002,-0.002,0.0,12.5,,,0.0,1.12,,,0.0,2926.24614325,50.85254512,-24.47278734,0.0,9.207,0.16,-0.077,0.0,Msini,0.024,0.007,-0.018,0.0,7.0173,0.8391,-0.8391,0.0,452.72,,,0.0,0,G6 III,4980.0,,,0.0,8.8,0.61,-0.4,0.0,2.1,0.13,-0.09,0.0,-0.06,0.1,-0.1,0.0,[Fe/H],2.87,0.03,-0.05,0.0,20h58m25.88s,314.6078375,+10d50m20.90s,10.8391378,76.222,0.6217,-0.6217,5.51048,0.023,-0.023,3.366,0.204,-0.204,5.27476,0.0026539,-0.0026539,"314.6078375,10.8391378",29.2,197.5,matched,60.0,2225.6823999999997,0.0011124677986400935,2.690896646132786,1.0,1954495482.631791
51 Eri b,51 Eri,3,1,Imaging,2015,Gemini Observatory,0,9100.0,1100.0,-1500.0,0.0,10.4,0.8,-1.1,0.0,,,,,,,,,3464.3296363,,,1.0,10.9,,,1.0,Mass,0.57,0.08,-0.06,0.0,0.0529,0.0097,-0.0097,0.0,807.0,45.0,-45.0,0.0,0,F0 IV,7422.0,58.0,-58.0,0.0,1.45,0.02,-0.02,0.0,1.75,0.05,-0.05,0.0,0.13,0.03,-0.02,0.0,[Fe/H],4.31078,0.090174,-0.074205,0.0,04h37m36.18s,69.4007424,-02d28m25.77s,-2.4738245,29.7575,0.1213,-0.1203,5.21149,0.023,-0.023,4.537,0.024,-0.024,5.15806,0.0023075,-0.0023075,"69.4007424,-2.4738245",25.0,66.5,matched,60.0,743.9375,0.01397966899101067,24.914442162902123,1.0,9119278.993695363
91 Aqr b,91 Aqr,3,1,Radial Velocity,2013,Lick Observatory,0,181.4,0.1,-0.1,0.0,0.7,,,0.0,13.1,,,0.0,1.17,,,0.0,1017.0,,,0.0,3.2,,,0.0,Msini,0.027,0.026,-0.026,0.0,100.506,,,0.0,891.73,,,0.0,0,K0 III,4665.0,18.0,-18.0,0.0,11.0,0.1,-0.1,0.0,1.4,0.1,-0.1,0.0,-0.03,0.1,-0.1,0.0,[Fe/H],2.52,0.05,-0.05,0.0,23h15m53.88s,348.9745031,-09d05m16.11s,-9.0878076,44.0304,0.51325,-0.51325,4.23946,0.023,-0.023,1.597,0.236,-0.236,3.95311,0.008843,-0.008843,"348.9745031,-9.0878076",49.8,63.0,matched,60.0,2192.7139199999997,0.00031923909161848165,0.4966461327857632,1.0,15265072068.510906
CoRoT-2 b,CoRoT-2,2,1,Transit,2008,CoRoT,0,1.7429935,1e-06,-1e-06,0.0,0.02798,0.00076,-0.0008,0.0,16.432,0.471,-0.493,0.0,1.466,0.042,-0.044,0.0,1102.82,69.92,-69.92,0.0,3.47,0.22,-0.22,0.0,Mass,0.0143,0.0077,-0.0076,0.0,932.9076,,,0.0,1521.0,18.0,-18.0,0.0,1,,5625.0,120.0,-120.0,0.0,0.906,0.026,-0.027,0.0,0.96,0.08,-0.08,0.0,0.04,0.05,-0.05,0.0,[Fe/H],4.53,0.016,-0.016,0.0,19h27m06.49s,291.7770457,+01d23m01.19s,1.3836634,213.283,2.485,-2.43,12.516,0.092,-0.092,10.31,0.031,-0.031,12.2489,0.000911,-0.000911,"291.7770457,1.3836634",4.1,28.4,matched,60.0,874.4602999999998,3.199687853182129e-05,0.004772056125941136,1.0,145674221242.63995
CoRoT-9 b,CoRoT-9,2,1,Transit,2009,CoRoT,0,95.272656,6.8e-05,-6.8e-05,0.0,0.4021,0.0054,-0.0054,0.0,11.948794,0.840675,-0.706167,0.0,1.066,0.075,-0.063,0.0,266.9772,15.8915,-15.8915,0.0,0.84,0.05,-0.05,0.0,Mass,0.133,0.042,-0.037,0.0,3.444,0.1343,-0.1343,0.0,420.0,16.0,-16.0,0.0,0,G3 V,5625.0,80.0,-80.0,0.0,0.96,0.06,-0.06,0.0,0.96,0.04,-0.04,0.0,-0.01,0.06,-0.06,0.0,[Fe/H],4.54,0.09,-0.09,0.0,18h43m08.80s,280.7866461,+06d12m14.68s,6.2040783,412.98,4.725,-4.622,13.637,0.137,-0.137,11.688,0.023,-0.023,13.5008,0.00032,-0.00032,"280.7866461,6.2040783",4.4,19.9,matched,60.0,1817.1120000000003,0.00022128520421415957,0.2608423162217659,1.0,24072484622.625965
DS Tuc A b,DS Tuc A,2,1,Transit,2019,Transiting Exoplanet Survey Satellite (TESS),0,8.138268,1.1e-05,-1.1e-05,0.0,0.07944531654764665,,,,5.7,0.17,-0.17,0.0,0.50851994,0.01516638,-0.01516638,0.0,413.179,,,1.0,1.3,,,1.0,Mass,0.0,,,0.0,317.6063,,,0.0,850.0,,,0.0,0,G6 V,5428.0,80.0,-80.0,0.0,0.964,0.029,-0.029,0.0,1.01,0.06,-0.06,0.0,0.0,,,0.0,,4.6,0.15,-0.15,0.0,23h39m39.71s,354.9154673,-69d11m45.75s,-69.196043,44.0622,0.0693,-0.0691,8.17,0.03,-0.03,6.676,0.034,-0.034,8.31926,0.001025,-0.001025,"354.9154673,-69.196043",4.2,999.9,matched,60.0,185.06124,0.0004292920362343117,0.02228136344969199,1.0,281632821.9848553
GJ 15 A b,GJ 15 A,2,2,Radial Velocity,2014,W. M. Keck Observatory,1,11.4407,0.0017,-0.0016,0.0,0.072,0.003,-0.004,0.0,1.55,,,0.0,0.139,,,0.0,3.03,0.46,-0.44,0.0,0.0095334,0.00144731,-0.00138439,0.0,Msini,0.094,0.091,-0.065,0.0,4.2691,1.1766,-1.1766,0.0,550.0,,,0.0,0,M1,3607.0,68.0,-68.0,0.0,0.38,0.05,-0.05,0.0,0.38,0.05,-0.05,0.0,-0.34,0.09,-0.09,0.0,[Fe/H],4.87,0.04,-0.04,0.0,00h18m27.04s,4.6126677,+44d01m29.03s,44.0247296,3.56228,0.00055,-0.00055,8.09,0.1,-0.1,4.018,0.02,-0.02,7.2162,0.000507,-0.000507,"4.6126677,44.0247296",6.4,40.1,matched,60.0,22.798592,0.003158089762736225,0.03132292950034223,1.0,994463.7649435728
GJ 15 A c,GJ 15 A,2,2,Radial Velocity,2018,Roque de los Muchachos Observatory,0,7600.0,2200.0,-1700.0,0.0,5.4,1.0,-0.9,0.0,6.67,,,0.0,0.595,,,0.0,36.0,25.0,-18.0,0.0,0.1132681,0.0786584,-0.05663405,0.0,Msini,0.27,0.28,-0.19,0.0,0.0008,0.0003,-0.0003,0.0,46.14,5.14,-5.14,0.0,0,M1,3607.0,68.0,-68.0,0.0,0.38,0.05,-0.05,0.0,0.38,0.05,-0.05,0.0,-0.34,0.09,-0.09,0.0,[Fe/H],4.87,0.04,-0.04,0.0,00h18m27.04s,4.6126677,+44d01m29.03s,44.0247296,3.56228,0.00055,-0.00055,8.09,0.1,-0.1,4.018,0.02,-0.02,7.2162,0.000507,-0.000507,"4.6126677,44.0247296",6.4,40.1,matched,60.0,22.798592,0.2368567322052169,20.80766598220397,1.0,1565.9077299030644
GJ 338 B b,GJ 338 B,2,1,Radial Velocity,2020,Calar Alto Observatory,0,24.422,0.014,-0.014,0.0,0.142,0.005,-0.005,0.0,3.25,,,0.0,0.29,,,0.0,10.6,1.2,-1.2,0.0,0.03335133,0.00377562,-0.00377562,0.0,Msini,0.109,0.1,-0.075,0.0,3.9278,0.3165,-0.3165,0.0,391.0,20.0,-20.0,0.0,0,M0 V,4014.0,100.0,-100.0,0.0,0.58,0.03,-0.03,0.0,0.64,0.07,-0.07,0.0,-0.03,0.16,-0.16,0.0,[Fe/H],4.68,0.07,-0.07,0.0,09h14m22.00s,138.5916722,+52d41m00.68s,52.6835211,6.33256,0.00167,-0.00168,7.7,0.1,-0.1,4.136,0.02,-0.02,7.04775,0.00044,-0.00044,"138.5916722,52.6835211",21.1,188.9,matched,60.0,133.617016,0.0010627388954712173,0.06686379192334017,1.0,55707192.93913466
GJ 414 A b,GJ 414 A,2,2,Radial Velocity,2021,W. M. Keck Observatory,0,50.8,0.1,-0.26,0.0,0.2324,0.0092,-0.0099,0.0,2.63,1.22,-0.85,0.0,0.23463288,0.10884111,-0.07583192,0.0,7.6,2.44,-2.19,0.0,0.02391215,0.00767706,-0.00689048,0.0,Msini,0.45,0.19,-0.22,0.0,2.2033,0.302,-0.302,0.0,308.6,33.5,-33.5,0.0,0,K7 V,4120.0,109.0,-109.0,0.0,0.68,0.14,-0.14,0.0,0.65,0.08,-0.08,0.0,0.24,0.1,-0.1,0.0,[Fe/H],4.65,0.04,-0.04,0.0,11h11m05.88s,167.7745044,+30d26m42.61s,30.4451688,11.8893,0.0067,-0.0067,8.31,0.03,-0.03,4.979,0.018,-0.018,7.72808,0.000672,-0.000672,"167.7745044,30.4451688",36.6,255.4,matched,60.0,435.14838000000003,0.000534070700205755,0.13908281998631075,1.0,913013564.1133249
GJ 414 A c,GJ 414 A,2,2,Radial Velocity,2021,W. M. Keck Observatory,0,749.83,4.35,-3.63,0.0,1.4,0.055,-0.06,0.0,8.4,3.6,-2.5,0.0,0.74939781,0.32117049,-0.22303506,0.0,53.83,9.18,-8.58,0.0,0.16936727,0.02888337,-0.02699556,0.0,Msini,0.105,0.11,-0.703,0.0,0.0607,0.0083,-0.0083,0.0,124.7,13.5,-13.5,0.0,0,K7 V,4120.0,109.0,-109.0,0.0,0.68,0.14,-0.14,0.0,0.65,0.08,-0.08,0.0,0.24,0.1,-0.1,0.0,[Fe/H],4.65,0.04,-0.04,0.0,11h11m05.88s,167.7745044,+30d26m42.61s,30.4451688,11.8893,0.0067,-0.0067,8.31,0.03,-0.03,4.979,0.018,-0.018,7.72808,0.000672,-0.000672,"167.7745044,30.4451688",36.6,255.4,matched,60.0,435.14838000000003,0.003217293374733464,2.0529226557152636,1.0,61645388.458109625
GJ 667 C b,GJ 667 C,3,5,Radial Velocity,2012,La Silla Observatory,0,7.203,0.0019,-0.0019,0.0,0.050431,4e-06,-4e-06,0.0,2.25,,,0.0,0.201,,,0.0,5.68,0.23,-0.23,0.0,0.01789,0.00075,-0.00075,0.0,Msini,0.2,0.1,-0.1,0.0,5.3902,0.3599,-0.3599,0.0,,,,,0,M1.5 V,3350.0,50.0,-50.0,0.0,,,,,0.33,0.02,-0.02,0.0,-0.55,0.1,-0.1,0.0,[Fe/H],4.69,0.1,-0.1,0.0,17h19m00.25s,259.7510609,-34d59m51.95s,-34.9977651,7.24396,0.00486,-0.00485,10.602,0.023,-0.023,6.036,0.02,-0.02,9.38033,0.000709,-0.000709,"259.7510609,-34.9977651",1.8,55.4,matched,60.0,13.039128000000002,0.0038676666108347114,0.019720739219712527,1.0,340860.0445362255
GJ 667 C c,GJ 667 C,3,5,Radial Velocity,2013,La Silla Observatory,0,28.14,0.053,-0.065,0.0,0.125,0.012,-0.013,0.0,1.77,,,0.0,0.158,,,0.0,3.8,1.5,-1.2,0.0,0.012,0.005,-0.004,0.0,Msini,0.02,0.15,-0.02,0.0,0.8774,0.185,-0.185,0.0,,,,,0,M1.5 V,3350.0,50.0,-50.0,0.0,,,,,0.33,0.02,-0.02,0.0,-0.55,0.1,-0.1,0.0,[Fe/H],4.69,0.1,-0.1,0.0,17h19m00.25s,259.7510609,-34d59m51.95s,-34.9977651,7.24396,0.00486,-0.00485,10.602,0.023,-0.023,6.036,0.02,-0.02,9.38033,0.000709,-0.000709,"259.7510609,-34.9977651",1.8,55.4,matched,60.0,13.039128000000002,0.00958653063303006,0.07704312114989734,1.0,87447.91827218073
GJ 667 C e,GJ 667 C,3,5,Radial Velocity,2013,La Silla Observatory,1,62.24,0.55,-0.55,0.0,0.213,0.019,-0.022,0.0,1.45,,,0.0,0.129,,,0.0,2.7,1.6,-1.4,0.0,0.008,0.005,-0.004,0.0,Msini,0.02,0.22,-0.02,0.0,0.3022,0.0616,-0.0616,0.0,,,,,0,M1.5 V,3350.0,50.0,-50.0,0.0,,,,,0.33,0.02,-0.02,0.0,-0.55,0.1,-0.1,0.0,[Fe/H],4.69,0.1,-0.1,0.0,17h19m00.25s,259.7510609,-34d59m51.95s,-34.9977651,7.24396,0.00486,-0.00485,10.602,0.023,-0.023,6.036,0.02,-0.02,9.38033,0.000709,-0.000709,"259.7510609,-34.9977651",1.8,55.4,matched,60.0,13.039128000000002,0.01633544819868322,0.17040383299110198,1.0,39091.847419898084
GJ 667 C f,GJ 667 C,3,5,Radial Velocity,2013,La Silla Observatory,1,39.026,0.194,-0.211,0.0,0.156,0.014,-0.017,0.0,1.45,,,0.0,0.129,,,0.0,2.7,1.4,-1.2,0.0,0.008,0.004,-0.004,0.0,Msini,0.03,0.16,-0.03,0.0,0.5633,0.1181,-0.1181,0.0,,,,,0,M1.5 V,3350.0,50.0,-50.0,0.0,,,,,0.33,0.02,-0.02,0.0,-0.55,0.1,-0.1,0.0,[Fe/H],4.69,0.1,-0.1,0.0,17h19m00.25s,259.7510609,-34d59m51.95s,-34.9977651,7.24396,0.00486,-0.00485,10.602,0.023,-0.023,6.036,0.02,-0.02,9.38033,0.000709,-0.000709,"259.7510609,-34.9977651",1.8,55.4,matched,60.0,13.039128000000002,0.011963990230021515,0.1068473648186174,1.0,62392.97104670405
GJ 667 C g,GJ 667 C,3,5,Radial Velocity,2013,La Silla Observatory,1,256.2,13.8,-7.9,0.0,0.549,0.052,-0.058,0.0,1.99,,,0.0,0.177,,,0.0,4.6,2.6,-2.3,0.0,0.014,0.008,-0.007,0.0,Msini,0.08,0.41,-0.08,0.0,0.0455,0.0096,-0.0096,0.0,,,,,0,M1.5 V,3350.0,50.0,-50.0,0.0,,,,,0.33,0.02,-0.02,0.0,-0.55,0.1,-0.1,0.0,[Fe/H],4.69,0.1,-0.1,0.0,17h19m00.25s,259.7510609,-34d59m51.95s,-34.9977651,7.24396,0.00486,-0.00485,10.602,0.023,-0.023,6.036,0.02,-0.02,9.38033,0.000709,-0.000709,"259.7510609,-34.9977651",1.8,55.4,matched,60.0,13.039128000000002,0.042104042540268026,0.7014373716632443,1.0,9397.612066813977
GJ 896 A b,GJ 896 A,2,1,Astrometry,2022,Very Long Baseline Array,0,284.39,1.47,-1.47,0.0,0.63965,0.00067,-0.00067,0.0,13.3,,,0.0,1.19,,,0.0,718.29219982,181.16219199,-181.16219199,0.0,2.26,0.57,-0.57,0.0,Mass,0.35,0.19,-0.19,0.0,0.0429,0.0109,-0.0109,0.0,126.7,6.24,-6.24,0.0,0,M3.5 V,3345.0,157.0,-157.0,0.0,0.394682,0.011678,-0.011678,0.0,0.43599,0.00092,-0.00092,0.0,,,,,,4.83156,0.002927,-0.002927,0.0,23h31m52.81s,352.9700384,+19d56m13.20s,19.9370011,6.26022,0.003265,-0.003265,10.05,0.1,-0.1,5.326,0.018,-0.018,9.03758,0.000673,-0.000673,"352.9700384,19.9370011",3.5,49.0,matched,60.0,21.91077,0.029193405799978735,0.7786173853524982,1.0,31294.628765702175
Gl 49 b,Gl 49,2,1,Radial Velocity,2019,Multiple Observatories,0,13.8508,0.0053,-0.0051,0.0,0.0905,0.0011,-0.0011,0.0,2.24,,,0.0,0.2,,,0.0,5.63,0.67,-0.68,0.0,0.01771387,0.00210805,-0.00213951,0.0,Msini,0.363,0.099,-0.096,0.0,6.0291,0.1832,-0.1832,0.0,435.99,10.01,-10.01,0.0,0,M1.5 V,3805.0,51.0,-51.0,0.0,0.511,0.018,-0.018,0.0,0.515,0.019,-0.019,0.0,0.13,0.16,-0.16,0.0,[Fe/H],4.69,0.07,-0.07,0.0,01h02m40.50s,15.6687321,+62d20m43.58s,62.3454386,9.8528,0.00328,-0.00328,9.56,0.1,-0.1,5.371,0.02,-0.02,8.66282,0.000685,-0.000685,"15.6687321,62.3454386",13.7,296.4,matched,60.0,134.98336,0.0006704530099117402,0.037921423682409305,1.0,125828667.98001142
Gl 725 A b,Gl 725 A,2,2,Radial Velocity,2025,Multiple Observatories,0,11.2201,0.0051,-0.0051,0.0,0.068,0.001,-0.001,0.0,1.48,,,0.0,0.132,,,0.0,2.78,0.35,-0.35,0.0,0.00874686,0.00110122,-0.00110122,0.0,Msini,0.0,,,0.0,3.3572,0.0999,-0.0999,0.0,376.1,8.11,-8.11,0.0,0,M3,3433.0,68.0,-68.0,0.0,0.351,0.003,-0.003,0.0,0.33,0.008,-0.008,0.0,-0.19,0.13,-0.13,0.0,[Fe/H],4.87,0.01,-0.01,0.0,18h42m44.02s,280.6834312,+59d38m17.19s,59.638109,3.5214,0.00078,-0.00078,8.94,0.1,-0.1,4.432,0.02,-0.02,7.84944,0.001262,-0.001262,"280.6834312,59.638109",14.0,91.5,matched,60.0,49.2996,0.001379321536077372,0.030718959616700892,1.0,11706038.594057065
Gl 725 B c,Gl 725 B,2,2,Radial Velocity,2026,Mauna Kea Observatory,0,37.9,0.17,-0.17,0.0,0.139,0.004,-0.004,0.0,1.66,,,0.0,0.148,,,0.0,3.4,0.7,-0.7,0.0,0.0106976,0.00220245,-0.00220245,0.0,Msini,,,,,0.4742,0.0275,-0.0275,0.0,215.0,4.0,-4.0,0.0,0,M4,3379.0,31.0,-31.0,0.0,0.28,0.005,-0.005,0.0,0.25,0.02,-0.02,0.0,-0.28,0.1,-0.1,0.0,[M/H],4.82,0.06,-0.06,0.0,18h42m46.88s,280.695353,+59d37m37.42s,59.62706,6.842357,,,9.7,0.1,-0.1,5.0,0.023,-0.023,,,,"280.695353,59.62706",14.0,91.5,matched,60.0,95.792998,0.0014510455137858825,0.10376454483230664,1.0,33962987.15823106
HAT-P-27 b,HAT-P-27,2,1,Transit,2011,HATNet,0,3.039577,5e-06,-6e-06,0.0,0.04,0.0008,-0.0008,0.0,11.43,0.78,-0.67,0.0,1.02,0.07,-0.06,0.0,197.05,9.53,-9.53,0.0,0.62,0.03,-0.03,0.0,Mass,0.0,,,0.0,336.0384,,,0.0,1091.99,,,0.0,0,G8,5316.0,87.12,-122.28,0.0,0.864673,0.049715,-0.035099,0.0,0.916,0.121408,-0.099904,0.0,0.3,0.03,-0.03,0.0,[M/H],4.52626,0.052394,-0.097047,0.0,14h51m04.16s,222.7673221,+05d56m50.51s,5.9473626,199.173,1.451,-1.43,12.052,0.069,-0.069,10.109,0.021,-0.021,11.9562,0.000319,-0.000319,"222.7673221,5.9473626",0.7,11.3,matched,60.0,139.4211,0.0002869006197770639,0.00832190828199863,1.0,352393967.8504488
HAT-P-30 b,HAT-P-30,2,1,Transit,2011,HATNet,0,2.8106,5e-06,-5e-06,0.0,0.0419,0.00046,-0.00046,0.0,16.14096,1.68135,-1.68135,0.0,1.44,0.15,-0.15,0.0,263.7989,57.2094,-57.2094,0.0,0.83,0.18,-0.18,0.0,Mass,0.04,0.02,-0.02,0.0,1467.9573,,,0.0,1630.0,42.0,-42.0,0.0,0,F7,6304.0,88.0,-88.0,0.0,1.31,0.13,-0.13,0.0,1.55,0.51,-0.51,0.0,0.13,,,0.0,[Fe/H],4.36,0.3,-0.3,0.0,08h15m47.96s,123.9498431,+05d50m12.72s,5.8368669,213.985,2.217,-2.173,10.352,0.007,-0.007,9.151,0.023,-0.023,10.2998,0.000393,-0.000393,"123.9498431,5.8368669",4.0,14.1,matched,60.0,855.94,4.895202934785148e-05,0.007695003422313484,1.0,65598923972.07691
HAT-P-35 b,HAT-P-35,3,1,Transit,2011,HATNet,0,3.646706,2.1e-05,-2.1e-05,0.0,0.04978,0.00064,-0.00066,0.0,14.930388,1.098482,-1.098482,0.0,1.332,0.098,-0.098,0.0,335.62848,10.48839,-10.48839,0.0,1.056,0.033,-0.033,0.0,Mass,0.02,,,1.0,999.6688,,,0.0,1581.0,45.0,-45.0,0.0,0,,6096.0,88.0,-88.0,0.0,1.435,0.084,-0.084,0.0,1.236,0.048,-0.048,0.0,0.11,0.08,-0.08,0.0,,4.21,0.04,-0.04,0.0,08h13m00.17s,123.250703,+04d47m13.30s,4.7870288,506.965,13.193,-12.551,12.389,0.092,-0.092,11.03,0.021,-0.021,12.2802,0.000334,-0.000334,"123.250703,4.7870288",0.9,16.4,matched,60.0,456.26849999999996,0.00010910242543590013,0.009984136892539356,1.0,7687892655.635077
HAT-P-39 b,HAT-P-39,2,1,Transit,2012,HATNet,0,3.54387,5e-06,-5e-06,0.0,0.0509,0.0006,-0.0006,0.0,17.609,1.211,-0.908,0.0,1.571,0.108,-0.081,0.0,190.372,31.464,-31.464,0.0,0.599,0.099,-0.099,0.0,Mass,0.0,,,0.0,1915.6934,,,0.0,1752.0,43.0,-43.0,0.0,0,,6430.0,100.0,-100.0,0.0,1.625,0.081,-0.62,0.0,1.404,0.051,-0.51,0.0,0.19,0.1,-0.1,0.0,[Fe/H],4.16,0.03,-0.03,0.0,07h35m01.98s,113.7582526,+17d49m48.10s,17.8300283,697.004,17.938,-17.075,12.282,0.08,-0.08,11.157,0.02,-0.02,12.2269,0.000249,-0.000249,"113.7582526,17.8300283",0.9,11.2,matched,60.0,627.3036000000001,8.114093399113283e-05,0.00970258726899384,1.0,18162162218.042576
HAT-P-41 b,HAT-P-41,2,1,Transit,2012,HATNet,0,2.69405,4e-06,-4e-06,0.0,0.04258,0.00047,-0.00048,0.0,22.97845,5.6045,-5.6045,0.0,2.05,0.5,-0.5,0.0,378.2177,190.698,-190.698,0.0,1.19,0.6,-0.6,0.0,Mass,0.0,,,0.0,2485.0721,,,0.0,1941.0,38.0,-38.0,0.0,0,,6390.0,100.0,-100.0,0.0,2.05,0.5,-0.5,0.0,2.56,1.9,-1.9,0.0,0.21,,,0.0,[Fe/H],4.14,0.02,-0.02,0.0,19h49m17.44s,297.3226523,+04d40m20.68s,4.6724124,348.185,4.529,-4.417,11.365,0.02,-0.02,9.728,0.029,-0.029,10.939,0.000522,-0.000522,"297.3226523,4.6724124",1.0,30.2,matched,60.0,348.185,0.0001222913106538191,0.0073759069130732375,1.0,4033003774.1139746
HAT-P-7 b,HAT-P-7,3,1,Transit,2008,HATNet,0,2.20474,1.7e-05,-1.7e-05,0.0,0.03809,0.00019,-0.00019,0.0,16.92559,2.35389,-2.35389,0.0,1.51,0.21,-0.21,0.0,584.8072,168.4499,-168.4499,0.0,1.84,0.53,-0.53,0.0,Mass,0.0,,,0.0,4353.408,95.909,-93.804,0.0,2733.0,21.0,-21.0,0.0,1,F6 V,6389.0,17.0,-17.0,0.0,2.0,0.28,-0.28,0.0,1.56,0.68,-0.68,0.0,0.26,,,0.0,[Fe/H],4.07,0.06,-0.06,0.0,19h28m59.33s,292.24719,+47d58m10.35s,47.9695429,341.079,2.431,-2.397,10.481,0.007,-0.007,9.334,0.018,-0.018,10.3654,0.000393,-0.000393,"292.24719,47.9695429",3.1,3.9,matched,60.0,1057.3449,3.602419607830898e-05,0.00603624914442163,1.0,129117248737.99165
HAT-P-8 b,HAT-P-8,3,1,Transit,2008,HATNet,0,3.07634,4e-06,-4e-06,0.0,0.04496,0.00046,-0.00045,0.0,15.6926,1.45717,-1.45717,0.0,1.4,0.13,-0.13,0.0,406.8224,85.8141,-85.8141,0.0,1.28,0.27,-0.27,0.0,Mass,0.0,,,0.0,1519.9645,,,0.0,1713.0,27.0,-27.0,0.0,0,F6,6200.0,80.0,-80.0,0.0,1.57,0.15,-0.15,0.0,1.27,0.41,-0.41,0.0,0.01,,,0.0,[Fe/H],4.15,0.03,-0.03,0.0,22h52m09.96s,343.0414932,+35d26m49.84s,35.4471778,211.553,1.709,-1.682,10.358,0.005,-0.005,8.953,0.013,-0.013,10.1489,0.000441,-0.000441,"343.0414932,35.4471778",1.0,9.9,matched,60.0,211.553,0.00021252357565243698,0.00842255989048597,1.0,877450781.7740791
HD 106515 A b,HD 106515 A,2,1,Radial Velocity,2012,La Silla Observatory,0,3626.0,11.0,-12.0,0.0,4.48,0.05,-0.05,0.0,12.1,,,0.0,1.08,,,0.0,6006.9568923,476.7426105,-444.9597698,0.0,18.9,1.5,-1.4,0.0,Mass,0.571,0.012,-0.012,0.0,0.0342,0.0012,-0.0012,0.0,116.53,1.07,-1.07,0.0,0,G5 V,5362.0,29.0,-29.0,0.0,0.91,0.009,-0.009,0.0,0.89,0.03,-0.03,0.0,0.03,0.1,-0.1,0.0,[Fe/H],4.41,0.04,-0.04,0.0,12h15m06.30s,183.7762699,-07d15m27.15s,-7.2575413,34.0915,0.0856,-0.0851,7.971,0.002,-0.002,6.151,0.026,-0.026,7.7777,0.000233,-0.000233,"183.7762699,-7.2575413",8.0,99.5,matched,60.0,272.732,0.01642638194271299,9.927446954140999,1.0,2239813.3299350874
HD 110067 b,HD 110067,3,6,Transit,2023,Multiple Observatories,0,9.113678,1e-05,-1e-05,0.0,0.0793,0.00096,-0.00096,0.0,2.2,0.03,-0.03,0.0,0.19627119,0.00267643,-0.00267643,0.0,5.69,1.78,-1.82,0.0,0.01790274,0.00560051,-0.00572636,0.0,Mass,,,,,69.0579,2.2604,-2.2604,0.0,800.0,10.0,-10.0,0.0,0,K0.0 V,5266.0,64.0,-64.0,0.0,0.788,0.008,-0.008,0.0,0.798,0.042,-0.042,0.0,-0.2,0.04,-0.04,0.0,[Fe/H],4.54,0.03,-0.03,0.0,12h39m21.41s,189.8392243,+20d01m38.42s,20.0273377,32.1585,0.0572,-0.0569,8.419,0.002,-0.002,6.492,0.018,-0.018,8.17208,0.000278,-0.000278,"189.8392243,20.0273377",415.9,415.9,matched,60.0,13374.720149999997,5.929096019253906e-06,0.024951890485968516,1.0,119712087724723.69
HD 110067 c,HD 110067,3,6,Transit,2023,Multiple Observatories,0,13.673694,2.4e-05,-2.4e-05,0.0,0.1039,0.0013,-0.0013,0.0,2.388,0.036,-0.036,0.0,0.21304346,0.00321171,-0.00321171,0.0,6.3,,,1.0,0.01982202,,,1.0,Mass,,,,,40.228,1.3411,-1.3411,0.0,699.0,9.0,-9.0,0.0,0,K0.0 V,5266.0,64.0,-64.0,0.0,0.788,0.008,-0.008,0.0,0.798,0.042,-0.042,0.0,-0.2,0.04,-0.04,0.0,[Fe/H],4.54,0.03,-0.03,0.0,12h39m21.41s,189.8392243,+20d01m38.42s,20.0273377,32.1585,0.0572,-0.0569,8.419,0.002,-0.002,6.492,0.018,-0.018,8.17208,0.000278,-0.000278,"189.8392243,20.0273377",415.9,415.9,matched,60.0,13374.720149999997,7.768386839854741e-06,0.03743653388090349,1.0,79855181391704.67
HD 110067 d,HD 110067,3,6,Transit,2023,Multiple Observatories,0,20.519617,4e-05,-4e-05,0.0,0.1362,0.0017,-0.0017,0.0,2.852,0.039,-0.039,0.0,0.25443884,0.00347935,-0.00347935,0.0,8.52,3.31,-3.25,0.0,0.02680692,0.01041442,-0.01022564,0.0,Mass,,,,,23.4102,0.7794,-0.7794,0.0,602.0,8.0,-8.0,0.0,0,K0.0 V,5266.0,64.0,-64.0,0.0,0.788,0.008,-0.008,0.0,0.798,0.042,-0.042,0.0,-0.2,0.04,-0.04,0.0,[Fe/H],4.54,0.03,-0.03,0.0,12h39m21.41s,189.8392243,+20d01m38.42s,20.0273377,32.1585,0.0572,-0.0569,8.419,0.002,-0.002,6.492,0.018,-0.018,8.17208,0.000278,-0.000278,"189.8392243,20.0273377",415.9,415.9,matched,60.0,13374.720149999997,1.0183390640887541e-05,0.05617964955509925,1.0,53198797313040.49
HD 110067 e,HD 110067,3,6,Transit,2023,Multiple Observatories,0,30.793091,1.2e-05,-1.2e-05,0.0,0.1785,0.0022,-0.0022,0.0,1.94,0.04,-0.04,0.0,0.17307551,0.00356857,-0.00356857,0.0,3.9,,,1.0,0.01227077,,,1.0,Mass,,,,,13.6296,0.4506,-0.4506,0.0,533.0,7.0,-7.0,0.0,0,K0.0 V,5266.0,64.0,-64.0,0.0,0.788,0.008,-0.008,0.0,0.798,0.042,-0.042,0.0,-0.2,0.04,-0.04,0.0,[Fe/H],4.54,0.03,-0.03,0.0,12h39m21.41s,189.8392243,+20d01m38.42s,20.0273377,32.1585,0.0572,-0.0569,8.419,0.002,-0.002,6.492,0.018,-0.018,8.17208,0.000278,-0.000278,"189.8392243,20.0273377",415.9,415.9,matched,60.0,13374.720149999997,1.3346073637286536e-05,0.08430688843258043,1.0,35465207940807.05
HD 110067 f,HD 110067,3,6,Transit,2023,Multiple Observatories,0,41.05854,0.0001,-0.0001,0.0,0.2163,0.0026,-0.0026,0.0,2.601,0.042,-0.042,0.0,0.23204608,0.003747,-0.003747,0.0,5.04,1.89,-1.94,0.0,0.01585761,0.00594661,-0.00610392,0.0,Mass,,,,,9.2821,0.3027,-0.3027,0.0,489.0,6.0,-6.0,0.0,0,K0.0 V,5266.0,64.0,-64.0,0.0,0.788,0.008,-0.008,0.0,0.798,0.042,-0.042,0.0,-0.2,0.04,-0.04,0.0,[Fe/H],4.54,0.03,-0.03,0.0,12h39m21.41s,189.8392243,+20d01m38.42s,20.0273377,32.1585,0.0572,-0.0569,8.419,0.002,-0.002,6.492,0.018,-0.018,8.17208,0.000278,-0.000278,"189.8392243,20.0273377",415.9,415.9,matched,60.0,13374.720149999997,1.6172300995770745e-05,0.11241215605749487,1.0,26576502727525.812
HD 110067 g,HD 110067,3,6,Transit,2023,Multiple Observatories,0,54.76992,0.0002,-0.0002,0.0,0.2621,0.0032,-0.0032,0.0,2.607,0.052,-0.052,0.0,0.23258136,0.00463914,-0.00463914,0.0,8.4,,,1.0,0.02642936,,,1.0,Mass,,,,,6.3216,0.2079,-0.2079,0.0,440.0,6.0,-6.0,0.0,0,K0.0 V,5266.0,64.0,-64.0,0.0,0.788,0.008,-0.008,0.0,0.798,0.042,-0.042,0.0,-0.2,0.04,-0.04,0.0,[Fe/H],4.54,0.03,-0.03,0.0,12h39m21.41s,189.8392243,+20d01m38.42s,20.0273377,32.1585,0.0572,-0.0569,8.419,0.002,-0.002,6.492,0.018,-0.018,8.17208,0.000278,-0.000278,"189.8392243,20.0273377",415.9,415.9,matched,60.0,13374.720149999997,1.9596671710547905e-05,0.14995186858316223,1.0,19925302810617.26
HD 113337 b,HD 113337,3,2,Radial Velocity,2013,Haute-Provence Observatory,0,317.58639,1.62423,-1.4301,0.0,1.022,0.055,-0.062,0.0,13.1,,,0.0,1.17,,,0.0,1035.80277841,119.82130944,-129.99181846,0.0,3.259,0.377,-0.409,0.0,Msini,0.28,0.036,-0.041,0.0,4.1073,0.5277,-0.5277,0.0,395.73,14.47,-14.47,0.0,0,F6 V,6774.0,125.0,-125.0,0.0,1.5,0.04,-0.04,0.0,1.41,0.241,-0.241,0.0,0.07,0.02,-0.02,0.0,[M/H],4.21,0.08,-0.08,0.0,13h01m46.52s,195.4438496,+63d36m37.18s,63.610328,36.18,0.0565,-0.0563,6.02078,0.023,-0.023,5.005,0.017,-0.017,5.91168,0.0006867,-0.0006867,"195.4438496,63.610328",4.9,120.2,matched,60.0,177.282,0.005764826660349048,0.8695041478439425,1.0,4538505.837136382
HD 113337 c,HD 113337,3,2,Radial Velocity,2020,Haute-Provence Observatory,0,5429.93477,452.06707,-283.91966,0.0,6.805,0.536,-0.468,0.0,12.1,,,0.0,1.08,,,0.0,6299.67685515,772.32302901,-818.40814802,0.0,19.821,2.43,-2.575,0.0,Mass,0.164,0.057,-0.056,0.0,0.0926,0.0147,-0.0147,0.0,153.36,6.65,-6.65,0.0,0,F6 V,6774.0,125.0,-125.0,0.0,1.5,0.04,-0.04,0.0,1.41,0.241,-0.241,0.0,0.07,0.02,-0.02,0.0,[M/H],4.21,0.08,-0.08,0.0,13h01m46.52s,195.4438496,+63d36m37.18s,63.610328,36.18,0.0565,-0.0563,6.02078,0.023,-0.023,5.005,0.017,-0.017,5.91168,0.0006867,-0.0006867,"195.4438496,63.610328",4.9,120.2,matched,60.0,177.282,0.03838517164743177,14.866351184120465,1.0,262853.5984482232
HD 126614 b,HD 126614,3,1,Radial Velocity,2009,W. M. Keck Observatory,0,1257.25303,5.95652,-6.1876,0.0,2.249,0.088,-0.096,0.0,12.7,,,0.0,1.14,,,0.0,107.74382997,64.83699503,-6.03873973,0.0,0.339,0.204,-0.019,0.0,Mass,0.548,0.063,-0.062,0.0,0.2392,0.0426,-0.0426,0.0,209.54,4.99,-4.99,0.0,0,G8 IV,5568.0,23.0,-23.0,0.0,1.369794,0.031487,-0.031487,0.0,0.96,0.117,-0.117,0.0,0.56,0.04,-0.04,0.0,[Fe/H],4.174243,0.026207,-0.026207,0.0,14h26m48.12s,216.7005171,-05d10m42.27s,-5.1784093,73.0961,0.2453,-0.2436,8.81,0.03,-0.03,7.06,0.036,-0.036,8.61907,0.000287,-0.000287,"216.7005171,-5.1784093",0.5,42.1,matched,60.0,36.54805,0.06153543075485559,3.44217119780972,1.0,14772.59294719211
HD 132563 b,HD 132563,3,1,Radial Velocity,2011,Roque de los Muchachos Observatory,0,1544.0,34.0,-34.0,0.0,2.62,0.04,-0.04,0.0,13.6,,,0.0,1.21,,,0.0,473.547,28.6035,-28.6035,0.0,1.49,0.09,-0.09,0.0,Msini,0.22,0.09,-0.09,0.0,0.3447,0.0168,-0.0168,0.0,213.27,6.61,-6.61,0.0,0,F8,6289.0,128.13,-128.13,0.0,1.29577,0.070685,-0.043737,0.0,1.231,0.21701,-0.152453,0.0,-0.06,0.04,-0.04,0.0,[Fe/H],4.30327,0.075855,-0.089904,0.0,14h58m21.43s,224.5892892,+44d02m34.29s,44.0428571,105.155,0.282,-0.282,8.928001,0.002,-0.002,7.431,0.021,-0.021,8.85821,0.000252,-0.000252,"224.5892892,44.0428571",4.8,59.1,matched,60.0,504.74399999999997,0.0051907501624585935,4.227241615331964,1.0,30225026.668080132
HD 133131 A b,HD 133131 A,2,3,Radial Velocity,2016,Las Campanas Observatory,0,649.0,3.0,-3.0,0.0,1.44,0.005,-0.005,0.0,13.6,,,0.0,1.21,,,0.0,451.3186,12.7132,-12.7132,0.0,1.42,0.04,-0.04,0.0,Msini,0.33,0.03,-0.03,0.0,0.4642,0.0037,-0.0037,0.0,227.72,5.41,-5.41,0.0,0,G2 V,5799.0,19.0,-19.0,0.0,0.955014,0.037412,-0.052146,0.0,0.95,,,0.0,-0.306,0.016,-0.016,0.0,[Fe/H],4.39,0.05,-0.05,0.0,15h03m35.63s,225.8984524,-27d50m35.29s,-27.8431369,51.4736,0.1491,-0.1483,7.66,0.03,-0.03,6.895,0.02,-0.02,8.27532,0.000345,-0.000345,"225.8984524,-27.8431369",6.5,11.2,matched,60.0,334.5784,0.004303923983138182,1.7768651608487338,1.0,22287466.11158003
HD 133131 A c,HD 133131 A,2,3,Radial Velocity,2016,Las Campanas Observatory,0,3568.0,1084.0,-1084.0,0.0,4.49,0.92,-0.92,0.0,14.3,,,0.0,1.28,,,0.0,133.4886,47.6745,-47.6745,0.0,0.42,0.15,-0.15,0.0,Msini,0.49,0.22,-0.22,0.0,0.0477,0.0196,-0.0196,0.0,128.96,13.56,-13.56,0.0,0,G2 V,5799.0,19.0,-19.0,0.0,0.955014,0.037412,-0.052146,0.0,0.95,,,0.0,-0.306,0.016,-0.016,0.0,[Fe/H],4.39,0.05,-0.05,0.0,15h03m35.63s,225.8984524,-27d50m35.29s,-27.8431369,51.4736,0.1491,-0.1483,7.66,0.03,-0.03,6.895,0.02,-0.02,8.27532,0.000345,-0.000345,"225.8984524,-27.8431369",6.5,11.2,matched,60.0,334.5784,0.013419874086312806,9.768651608487337,1.0,4041934.747252066
HD 133131 B b,HD 133131 B,2,3,Radial Velocity,2016,Las Campanas Observatory,0,5769.0,831.0,-831.0,0.0,6.15,0.59,-0.59,0.0,13.3,,,0.0,1.18,,,0.0,794.575,15.8915,-15.8915,0.0,2.5,0.05,-0.05,0.0,Msini,0.61,0.04,-0.04,0.0,0.0259,0.005,-0.005,0.0,112.28,5.95,-5.95,0.0,0,G2 V,5805.0,15.0,-15.0,0.0,0.989538,0.054364,-0.034199,0.0,0.93,,,0.0,-0.281,0.013,-0.013,0.0,[Fe/H],4.41,0.045,-0.045,0.0,15h03m35.99s,225.8999745,-27d50m29.74s,-27.8415947,51.2993,0.1684,-0.1673,8.413,0.002,-0.002,6.896,0.026,-0.026,8.25674,0.000513,-0.000513,"225.8999745,-27.8415947",6.5,11.2,matched,60.0,333.44545,0.018443796429071083,15.794661190965092,1.0,2517441.3073847876
HD 142245 b,HD 142245,3,1,Radial Velocity,2011,W. M. Keck Observatory,0,1299.0,48.0,-48.0,0.0,2.78,0.09,-0.09,0.0,13.1,,,0.0,1.17,,,0.0,975.7381,133.4886,-133.4886,0.0,3.07,0.42,-0.42,0.0,Msini,0.0,,,0.0,1.7468,0.1303,-0.1303,0.0,306.3,7.3,-7.3,0.0,0,K0,4922.0,13.0,-13.0,0.0,4.63,0.16,-0.16,0.0,3.5,0.47,-0.47,0.0,0.17,,,0.0,[Fe/H],3.65,0.05,-0.05,0.0,15h52m56.22s,238.2342443,+15d25m50.20s,15.4306118,97.2305,0.3914,-0.3914,7.46,0.03,-0.03,5.11,0.031,-0.031,7.18949,0.000174,-0.000174,"238.2342443,15.4306118",2.5,2.5,matched,60.0,243.07625000000002,0.011436740528949248,3.5564681724845997,1.0,2377453.995618504
HD 143811 AB b,HD 143811 A,2,1,Imaging,2025,Paranal Observatory,0,117000.0,90600.0,-31000.0,0.0,63.0,30.0,-12.0,0.0,15.69257298,1.12089807,-1.12089807,0.0,1.4,0.1,-0.1,0.0,1938.7532827,222.4798849,-286.0455663,0.0,6.1,0.7,-0.9,0.0,Mass,0.19,0.12,-0.12,0.0,0.0011,0.0007,-0.0007,0.0,1042.0,178.0,-132.0,0.0,0,,6791.0,100.0,-100.0,0.0,1.68398,0.056303,-0.086933,0.0,1.32,0.08,-0.08,0.0,,,,,,4.34,0.01,-0.01,0.0,16h03m33.41s,240.8891972,-30d08m13.77s,-30.1371574,136.608,0.825,-0.815,8.91,0.03,-0.03,7.702,0.024,-0.024,8.78821,0.000221,-0.000221,"240.8891972,-30.1371574",6.1,8.8,matched,60.0,833.3088,0.07560222572952548,320.3285420944558,1.0,741296.4036615497
HD 147873 b,HD 147873,2,2,Radial Velocity,2016,Multiple Observatories,0,116.596,0.023,-0.023,0.0,0.522,0.018,-0.018,0.0,12.8,,,0.0,1.15,,,0.0,1633.6462,108.0622,-108.0622,0.0,5.14,0.34,-0.34,0.0,Msini,0.207,0.013,-0.013,0.0,21.9829,2.741,-2.741,0.0,603.16,19.59,-19.59,0.0,0,G1 V,5972.0,100.0,-100.0,0.0,2.29,0.1,-0.1,0.0,1.38,0.05,-0.05,0.0,0.03,0.1,-0.1,0.0,[Fe/H],3.86,0.05,-0.05,0.0,16h25m45.13s,246.4380471,-33d34m02.00s,-33.5672217,109.055,1.021,-1.002,7.96,0.03,-0.03,6.581,0.029,-0.029,7.81828,0.000315,-0.000315,"246.4380471,-33.5672217",15.1,15.1,matched,60.0,1646.7305000000001,0.0003169917603396548,0.31922245037645447,1.0,10021887103.091045
HD 147873 c,HD 147873,2,2,Radial Velocity,2016,Multiple Observatories,0,491.54,0.79,-0.79,0.0,1.36,0.05,-0.05,0.0,13.3,,,0.0,1.19,,,0.0,731.009,57.2094,-57.2094,0.0,2.3,0.18,-0.18,0.0,Msini,0.23,0.03,-0.03,0.0,3.2385,0.4122,-0.4122,0.0,373.68,12.37,-12.37,0.0,0,G1 V,5972.0,100.0,-100.0,0.0,2.29,0.1,-0.1,0.0,1.38,0.05,-0.05,0.0,0.03,0.1,-0.1,0.0,[Fe/H],3.86,0.05,-0.05,0.0,16h25m45.13s,246.4380471,-33d34m02.00s,-33.5672217,109.055,1.021,-1.002,7.96,0.03,-0.03,6.581,0.029,-0.029,7.81828,0.000315,-0.000315,"246.4380471,-33.5672217",15.1,15.1,matched,60.0,1646.7305000000001,0.0008258789158274532,1.345763175906913,1.0,2389018449.0399027
HD 156846 b,HD 156846,2,1,Radial Velocity,2007,La Silla Observatory,0,359.51001,0.09,-0.09,0.0,1.12,0.02,-0.02,0.0,12.4,,,0.0,1.11,,,0.0,3391.2461,235.1942,-235.1942,0.0,10.67,0.74,-0.74,0.0,Msini,0.85,0.0,0.0,0.0,3.97,,,0.0,382.49,5.63,-5.63,0.0,0,G0 V,6090.0,31.0,-31.0,0.0,1.9,0.04,-0.04,0.0,1.38,0.14,-0.14,0.0,0.15,,,0.0,[Fe/H],4.02,0.04,-0.04,0.0,17h20m34.16s,260.1423366,-19d20m03.71s,-19.334365,47.7332,0.117,-0.1163,6.5,0.03,-0.03,5.149,0.017,-0.017,6.3623,0.0005555,-0.0005555,"260.1423366,-19.334365",1.3,5.0,matched,60.0,62.05316,0.01804904053234356,0.9842847638603697,1.0,167401.1363970882
HD 16141 b,HD 16141,2,1,Radial Velocity,2000,W. M. Keck Observatory,0,75.523,0.055,-0.055,0.0,0.36,0.01,-0.01,0.0,10.9,,,0.0,0.971,,,0.0,82.6358,6.3566,-6.3566,0.0,0.26,0.02,-0.02,0.0,Msini,0.25,0.05,-0.05,0.0,17.9052,0.9961,-0.9961,0.0,562.87,8.74,-8.74,0.0,0,G5 IV,5757.0,9.0,-9.0,0.0,1.48,0.02,-0.02,0.0,1.11,0.06,-0.06,0.0,0.13,,,0.0,[Fe/H],4.14,0.02,-0.02,0.0,02h35m19.77s,38.8323674,-03d33m44.96s,-3.5624887,37.7861,0.0836,-0.0832,6.834,0.015,-0.015,5.266,0.023,-0.023,6.65773,0.000295,-0.000295,"38.8323674,-3.5624887",5.7,22.4,matched,60.0,215.38076999999998,0.0016714584129307367,0.20677070499657768,1.0,44279456.54151362
HD 170469 b,HD 170469,2,1,Radial Velocity,2007,W. M. Keck Observatory,0,1145.0,18.0,-18.0,0.0,2.24,0.05,-0.05,0.0,14.1,,,0.0,1.25,,,0.0,209.7678,34.9613,-34.9613,0.0,0.66,0.11,-0.11,0.0,Msini,0.11,0.08,-0.08,0.0,0.3188,,,0.0,209.6,3.06,-3.06,0.0,0,G5 IV,5842.0,28.0,-28.0,0.0,1.24,0.02,-0.02,0.0,1.1,0.08,-0.08,0.0,0.29,,,0.0,[Fe/H],4.3,0.03,-0.03,0.0,18h29m10.93s,277.2955423,+11d41m43.53s,11.6954244,60.178,0.1491,-0.1484,8.21,0.03,-0.03,6.707,0.018,-0.018,8.04953,0.000392,-0.000392,"277.2955423,11.6954244",43.2,167.0,matched,60.0,2599.6896,0.0008616413282570351,3.134839151266256,1.0,4900447010.616491
HD 177830 b,HD 177830,2,2,Radial Velocity,1999,W. M. Keck Observatory,0,410.10001,2.2,-2.2,0.0,1.14,0.03,-0.03,0.0,13.5,,,0.0,1.2,,,0.0,537.1327,63.566,-63.566,0.0,1.69,0.2,-0.2,0.0,Msini,0.1,0.05,-0.05,0.0,3.7258,0.8073,-0.8073,0.0,399.64,9.53,-9.53,0.0,0,K0,4901.0,37.0,-37.0,0.0,3.26,0.12,-0.12,0.0,1.7,0.28,-0.28,0.0,0.42,,,0.0,[Fe/H],3.64,0.07,-0.07,0.0,19h05m20.73s,286.3363574,+25d55m13.56s,25.9204327,62.7674,0.1244,-0.1244,7.18,0.03,-0.03,4.809,0.027,-0.027,6.8866,0.000195,-0.000195,"286.3363574,25.9204327",1.6,7.9,matched,60.0,100.42784,0.011351434024668856,1.1227926351813826,1.0,767621.9189662618
HD 177830 c,HD 177830,2,2,Radial Velocity,2010,W. M. Keck Observatory,0,110.9,0.1,-0.1,0.0,0.5137,0.0003,-0.0003,0.0,7.87,,,0.0,0.702,,,0.0,47.6725,6.35633,-6.35633,0.0,0.15,0.02,-0.02,0.0,Msini,0.3,0.1,-0.1,0.0,18.3487,3.8567,-3.8567,0.0,538.95,,,0.0,0,K0,4949.0,,,0.0,2.62,0.06,-0.06,0.0,1.47,,,0.0,0.545,0.03,-0.03,0.0,[Fe/H],3.65,,,0.0,19h05m20.73s,286.3363574,+25d55m13.56s,25.9204327,62.7674,0.1244,-0.1244,7.18,0.03,-0.03,4.809,0.027,-0.027,6.8866,0.000195,-0.000195,"286.3363574,25.9204327",1.6,7.9,matched,60.0,100.42784,0.005115115489888063,0.30362765229295,1.0,2268689.130766364
HD 178911 B b,HD 178911 B,3,1,Radial Velocity,2001,W. M. Keck Observatory,0,71.484,0.02,-0.02,0.0,0.34,0.01,-0.01,0.0,12.6,,,0.0,1.12,,,0.0,2552.1749,797.7533,-797.7533,0.0,8.03,2.51,-2.51,0.0,Msini,0.11,0.0,0.0,0.0,7.8319,0.4609,-0.4609,0.0,480.24,16.47,-16.47,0.0,0,G5,5588.0,115.0,-115.0,0.0,1.08,0.05,-0.05,0.0,1.24,0.58,-0.58,0.0,0.24,,,0.0,[Fe/H],4.46,0.2,-0.2,0.0,19h09m03.17s,287.2632091,+34d36m02.51s,34.6006972,40.9727,0.0464,-0.0462,7.97,0.03,-0.03,6.375,0.023,-0.023,7.86705,0.000258,-0.000258,"287.2632091,34.6006972",0.1,94.0,matched,60.0,4.097270000000001,0.08298208319197904,0.19571252566735112,1.0,342.50397954275246
HD 180617 b,HD 180617,2,1,Radial Velocity,2018,Calar Alto Observatory,0,105.911,0.109,-0.109,0.0,0.343,0.004,-0.004,0.0,3.53,,,0.0,0.315,,,0.0,12.214,1.05,-1.05,0.0,0.03842935,0.00330365,-0.00330365,0.0,Msini,0.101,0.053,-0.053,0.0,0.2751,0.0072,-0.0072,0.0,201.8,4.3,-4.3,0.0,0,M2.5 V,3534.0,51.0,-51.0,0.0,0.481,0.014,-0.014,0.0,0.484,0.019,-0.019,0.0,-0.04,0.16,-0.16,0.0,[Fe/H],4.9,0.07,-0.07,0.0,19h16m54.66s,289.2277322,+05d09m47.38s,5.1631615,5.91059,0.00183,-0.00183,9.12,0.1,-0.1,4.673,0.02,-0.02,8.0976,0.00109,-0.00109,"289.2277322,5.1631615",4.8,73.8,matched,60.0,28.370832,0.012089881607983863,0.289968514715948,1.0,164090.97671116746
HD 185269 b,HD 185269,3,1,Radial Velocity,2006,Lick Observatory,0,6.83776,0.00027,-0.00027,0.0,0.077,0.0034,-0.0034,0.0,13.8,,,0.0,1.23,,,0.0,321.0083,4.44962,-4.44962,0.0,1.01,0.014,-0.014,0.0,Msini,0.229,0.014,-0.014,0.0,832.9821,73.593,-73.593,0.0,1455.61,,,0.0,0,G0 IV,5923.0,,,0.0,2.0,,,0.0,1.3,,,0.0,0.11,0.05,-0.05,0.0,[Fe/H],3.92,,,0.0,19h37m11.70s,294.2987668,+28d29m58.25s,28.499514,51.9917,0.0843,-0.084,6.67973,0.023,-0.023,5.26,0.018,-0.018,6.51831,0.000206,-0.000206,"294.2987668,28.499514",4.5,4.5,matched,60.0,233.96265,0.0003291123604558249,0.018720766598220397,1.0,525159285.2804376
HD 188015 b,HD 188015,2,1,Radial Velocity,2004,W. M. Keck Observatory,0,461.2,1.7,-1.7,0.0,1.203,0.07,-0.07,0.0,13.6,,,0.0,1.21,,,0.0,476.72,41.32,-41.32,0.0,1.5,0.13,-0.13,0.0,Msini,0.137,0.026,-0.026,0.0,0.7914,0.0921,-0.0921,0.0,267.98,,,0.0,0,G5 IV,5746.0,,,0.0,1.125296,0.026152,-0.026152,0.0,1.09,,,0.0,0.289,,,0.0,[Fe/H],4.445,,,0.0,19h52m04.60s,298.0191857,+28d05m59.92s,28.0999769,50.6706,0.1095,-0.1089,8.24,0.03,-0.03,6.632,0.018,-0.018,8.06588,0.00033,-0.00033,"298.0191857,28.0999769",4.1,12.7,matched,60.0,207.74945999999997,0.005790628769865395,1.262696783025325,1.0,6503122.018870221
HD 189733 b,HD 189733,2,1,Radial Velocity,2005,Haute-Provence Observatory,0,2.21857567,1.5e-07,-1.5e-07,0.0,0.03126,0.00036,-0.00036,0.0,12.66617,0.11209,-0.11209,0.0,1.13,0.01,-0.01,0.0,359.1479,25.4264,-25.4264,0.0,1.13,0.08,-0.08,0.0,Mass,0.0,,,0.0,356.0,13.0,-12.0,0.0,1209.0,11.0,-11.0,0.0,0,K2 V,5052.0,16.0,-16.0,0.0,0.75,0.01,-0.01,0.0,0.79,0.08,-0.08,0.0,-0.02,,,0.0,[Fe/H],4.49,0.05,-0.05,0.0,20h00m43.71s,300.1821223,+22d42m35.19s,22.7097759,19.7638,0.0128,-0.0127,7.67,0.03,-0.03,5.541,0.021,-0.021,7.41432,0.000374,-0.000374,"300.1821223,22.7097759",7.8,12.4,matched,60.0,154.15764,0.00020277944057783972,0.0060741291444216285,1.0,728470986.8119719
HD 190360 b,HD 190360,2,3,Radial Velocity,2003,Haute-Provence Observatory,0,2887.5,3.5,-3.6,0.0,3.965,0.047,-0.047,0.0,13.5,,,0.0,1.2,,,0.0,537.0,79.0,-46.0,0.0,1.68959095,0.2485618,-0.14473219,0.0,Mass,0.3342,0.0061,-0.0062,0.0,0.0741,0.0024,-0.0024,0.0,150.0,26.0,-27.0,0.0,0,G7 IV-V,5560.0,100.0,-100.0,0.0,1.14,0.02,-0.02,0.0,0.996,0.036,-0.035,0.0,0.26,0.06,-0.06,0.0,[Fe/H],4.1,0.1,-0.1,0.0,20h03m38.22s,300.9092476,+29d53m40.35s,29.894541,16.0069,0.0159,-0.0159,5.738,0.022,-0.022,4.076,0.027,-0.027,5.55436,0.001559,-0.001559,"300.9092476,29.894541",10.2,179.0,matched,60.0,163.27038000000002,0.024284870286943653,7.905544147843942,1.0,551981.3495515585
HD 190360 c,HD 190360,2,3,Radial Velocity,2005,W. M. Keck Observatory,0,17.11625,0.00039,-0.00039,0.0,0.1298,0.0015,-0.0016,0.0,5.53,,,0.0,0.494,,,0.0,26.2,27.0,-4.0,0.0,0.08243442,0.0849515,-0.01258541,0.0,Mass,0.163,0.02,-0.019,0.0,69.1705,2.2564,-2.2564,0.0,794.55,16.59,-16.59,0.0,0,G7 IV-V,5560.0,100.0,-100.0,0.0,1.14,0.02,-0.02,0.0,0.996,0.036,-0.035,0.0,0.26,0.06,-0.06,0.0,[Fe/H],4.1,0.1,-0.1,0.0,20h03m38.22s,300.9092476,+29d53m40.35s,29.894541,16.0069,0.0159,-0.0159,5.738,0.022,-0.022,4.076,0.027,-0.027,5.55436,0.001559,-0.001559,"300.9092476,29.894541",10.2,179.0,matched,60.0,163.27038000000002,0.0007950002933783825,0.04686173853524983,1.0,93264535.11379129
HD 190360 d,HD 190360,2,3,Radial Velocity,2026,Multiple Facilities,0,88.69,0.051,-0.049,0.0,0.3886,0.0046,-0.0046,0.0,3.48,,,0.0,0.31,,,0.0,11.9,6.2,-1.7,0.0,0.03744159,0.01950738,-0.0053488,0.0,Mass,0.058,0.062,-0.04,0.0,7.7173,0.2506,-0.2506,0.0,459.21,9.58,-9.58,0.0,0,G7 IV-V,5560.0,100.0,-100.0,0.0,1.14,0.02,-0.02,0.0,0.996,0.036,-0.035,0.0,0.26,0.06,-0.06,0.0,[Fe/H],4.1,0.1,-0.1,0.0,20h03m38.22s,300.9092476,+29d53m40.35s,29.894541,16.0069,0.0159,-0.0159,5.738,0.022,-0.022,4.076,0.027,-0.027,5.55436,0.001559,-0.001559,"300.9092476,29.894541",10.2,179.0,matched,60.0,163.27038000000002,0.002380101032410165,0.24281998631074606,1.0,18009358.863105282
HD 195019 b,HD 195019,2,1,Radial Velocity,1998,Lick Observatory,0,18.20132,0.00039,-0.00039,0.0,0.14,0.0,0.0,0.0,13.0,,,0.0,1.16,,,0.0,1264.9634,54.0311,-54.0311,0.0,3.98,0.17,-0.17,0.0,Msini,0.01,0.0,0.0,0.0,109.862,2.7665,-2.7665,0.0,901.66,9.71,-9.71,0.0,0,G3 IV-V,5751.0,21.0,-21.0,0.0,1.48,0.03,-0.03,0.0,1.21,0.08,-0.08,0.0,0.05,,,0.0,[Fe/H],4.18,0.02,-0.02,0.0,20h28m19.02s,307.0792427,+18d46m09.30s,18.7692509,37.6681,0.0669,-0.0667,6.87591,0.023,-0.023,5.256,0.016,-0.016,6.72911,0.000247,-0.000247,"307.0792427,18.7692509",4.5,103.3,matched,60.0,169.50645,0.0008259272729739783,0.04983249828884326,1.0,88447841.53008044
HD 196050 b,HD 196050,3,1,Radial Velocity,2002,Anglo-Australian Telescope,0,1392.0,4.0,-4.0,0.0,2.65,0.03,-0.03,0.0,12.9,,,0.0,1.15,,,0.0,1493.7935129,254.2627256,-254.2627256,0.0,4.7,0.8,-0.8,0.0,Mass,0.2,0.01,-0.01,0.0,0.2591,,,0.0,207.52,2.68,-2.68,0.0,0,G3 V,5879.0,28.0,-28.0,0.0,1.42,0.03,-0.03,0.0,1.27,0.06,-0.06,0.0,0.229,0.03,-0.03,0.0,[Fe/H],4.25,0.05,-0.05,0.0,20h37m51.31s,309.4637796,-60d38m05.15s,-60.6347649,50.6742,0.1021,-0.1017,7.5,0.03,-0.03,6.034,0.027,-0.027,7.3407,0.000177,-0.000177,"309.4637796,-60.6347649",11.1,742.3,matched,60.0,562.48362,0.004711248302661684,3.811088295687885,1.0,36445257.97445666
HD 196885 A b,HD 196885 A,2,1,Radial Velocity,2007,Haute-Provence Observatory,0,1333.0,15.0,-15.0,0.0,2.37,0.02,-0.02,0.0,13.2,,,0.0,1.18,,,0.0,819.97,50.85,-50.85,0.0,2.58,0.16,-0.16,0.0,Msini,0.48,0.06,-0.06,0.0,0.4271,0.0304,-0.0304,0.0,224.21,4.66,-4.66,0.0,0,F8 V,6254.0,44.0,-44.0,0.0,1.31,0.05,-0.05,0.0,1.28,0.05,-0.05,0.0,0.22,0.04,-0.04,0.0,[Fe/H],4.31,0.1,-0.1,0.0,20h39m51.95s,309.9664609,+11d15m00.08s,11.2500236,34.1692,0.0573,-0.057,6.39677,0.023,-0.023,5.072,0.018,-0.018,6.26141,0.0004207,-0.0004207,"309.9664609,11.2500236",0.7,947.4,matched,60.0,23.918439999999997,0.09908672973655475,3.649555099247091,1.0,3751.400563361582
HD 19994 b,HD 19994,3,1,Radial Velocity,2003,La Silla Observatory,0,466.2,1.7,-1.7,0.0,1.305,0.016,-0.016,0.0,13.6,,,0.0,1.21,,,0.0,435.41,38.14,-38.14,0.0,1.37,0.12,-0.12,0.0,Msini,0.063,0.062,-0.062,0.0,2.2324,,,0.0,350.1,9.69,-9.69,0.0,0,F8 V,6188.0,44.0,-44.0,0.0,1.79647,0.090305,-0.09681,0.0,1.365,0.042,-0.042,0.0,0.27,0.03,-0.03,0.0,[Fe/H],4.29,,,0.0,03h12m46.64s,48.1943193,-01d11m47.02s,-1.1963955,22.5242,0.1042,-0.1033,5.06345,0.023,-0.023,3.748,0.236,-0.236,4.93038,0.0048606,-0.0048606,"48.1943193,-1.1963955",6.0,999.9,matched,60.0,135.1452,0.009656280800206002,1.2763860369609856,1.0,1417595.6944852434
HD 213240 b,HD 213240,2,1,Radial Velocity,2001,La Silla Observatory,0,882.70001,7.6,-7.6,0.0,1.89,0.03,-0.03,0.0,12.8,,,0.0,1.14,,,0.0,1655.88600047,476.7426105,-155.73591943,0.0,5.21,1.5,-0.49,0.0,Mass,0.42,0.01,-0.01,0.0,0.7524,0.0239,-0.0239,0.0,257.7,2.79,-2.79,0.0,0,G0/1 V,5979.0,19.0,-19.0,0.0,1.51,0.02,-0.02,0.0,1.57,0.12,-0.12,0.0,0.15,,,0.0,[Fe/H],4.27,0.03,-0.03,0.0,22h31m00.15s,337.7506266,-49d26m02.77s,-49.4341037,40.8707,0.0626,-0.0625,6.81,0.03,-0.03,5.354,0.02,-0.02,6.65761,0.000229,-0.000229,"337.7506266,-49.4341037",19.8,95.6,matched,60.0,809.23986,0.0023355250938825478,2.416700917180014,1.0,189700857.14743742
HD 222582 b,HD 222582,2,1,Radial Velocity,1999,W. M. Keck Observatory,0,572.38,0.61,-0.61,0.0,1.34,0.02,-0.02,0.0,12.6,,,0.0,1.12,,,0.0,2660.2371,127.132,-127.132,0.0,8.37,0.4,-0.4,0.0,Msini,0.73,0.01,-0.01,0.0,0.7253,0.0218,-0.0218,0.0,256.39,3.03,-3.03,0.0,0,G5 V,5790.0,14.0,-14.0,0.0,1.13,0.02,-0.02,0.0,1.12,0.06,-0.06,0.0,0.01,,,0.0,[Fe/H],4.38,0.02,-0.02,0.0,23h41m51.38s,355.4640788,-05d59m10.46s,-5.9862379,42.1586,0.1088,-0.1083,7.68,0.03,-0.03,6.173,0.023,-0.023,7.51889,0.000298,-0.000298,"355.4640788,-5.9862379",113.0,113.0,matched,60.0,4763.9218,0.00028128085561773917,1.567091033538672,1.0,70416381206.87599
HD 40979 b,HD 40979,3,1,Radial Velocity,2002,Multiple Observatories,0,264.14999,0.23,-0.23,0.0,0.85,0.01,-0.01,0.0,12.9,,,0.0,1.15,,,0.0,1484.2661,108.0622,-108.0622,0.0,4.67,0.34,-0.34,0.0,Msini,0.25,0.01,-0.01,0.0,2.7022,0.1111,-0.1111,0.0,354.69,3.87,-3.87,0.0,0,F8 V,6165.0,25.0,-25.0,0.0,1.21,0.02,-0.02,0.0,1.45,0.15,-0.15,0.0,0.2,,,0.0,[Fe/H],4.43,0.04,-0.04,0.0,06h04m30.08s,91.1253346,+44d15m35.23s,44.2597855,34.0883,0.0427,-0.0426,6.75512,0.023,-0.023,5.452,0.02,-0.02,6.59963,0.000348,-0.000348,"91.1253346,44.2597855",192.4,192.4,matched,60.0,6558.588919999999,0.00012960104839136648,0.7232032580424367,1.0,332226927533.8601
HD 65216 b,HD 65216,3,2,Radial Velocity,2003,La Silla Observatory,0,577.6,1.328,-1.328,0.0,1.301,0.02,-0.02,0.0,13.6,,,0.0,1.22,,,0.0,411.58985,19.70546,-19.70546,0.0,1.295,0.062,-0.062,0.0,Msini,0.27,0.02,-0.02,0.0,0.4185,0.0163,-0.0163,0.0,222.56,,,0.0,0,G5 V,5612.0,,,0.0,0.88,0.01,-0.01,0.0,0.874,,,0.0,-0.1685,0.007,-0.007,0.0,[M/H],4.44,,,0.0,07h53m41.03s,118.4209646,-63d38m48.08s,-63.6466892,35.1205,0.0395,-0.0394,7.97,0.03,-0.03,6.329,0.027,-0.027,7.7943,0.000214,-0.000214,"118.4209646,-63.6466892",7.2,7.2,matched,60.0,252.8676,0.005144984964463616,1.5813826146475018,1.0,11611401.172976898
HD 65216 c,HD 65216,3,2,Radial Velocity,2013,La Silla Observatory,0,5370.0,20.0,-20.0,0.0,5.75,0.09,-0.09,0.0,13.4,,,0.0,1.19,,,0.0,645.1949,34.9613,-34.9613,0.0,2.03,0.11,-0.11,0.0,Msini,0.17,0.04,-0.04,0.0,0.0214,0.0008,-0.0008,0.0,105.87,,,0.0,0,G5 V,5612.0,,,0.0,0.88,0.01,-0.01,0.0,0.874,,,0.0,-0.1685,0.007,-0.007,0.0,[M/H],4.44,,,0.0,07h53m41.03s,118.4209646,-63d38m48.08s,-63.6466892,35.1205,0.0395,-0.0394,7.97,0.03,-0.03,6.329,0.027,-0.027,7.7943,0.000214,-0.000214,"118.4209646,-63.6466892",7.2,7.2,matched,60.0,252.8676,0.022739172594670096,14.702258726899384,1.0,1250432.0220584464
HD 7449 b,HD 7449,2,1,Radial Velocity,2011,La Silla Observatory,0,1270.55195,10.75633,-7.38672,0.0,2.438,0.062,-0.063,0.0,12.6,,,0.0,1.12,,,0.0,2597.92939882,970.96578339,-857.81887049,0.0,8.174,3.055,-2.699,0.0,Mass,0.752,0.035,-0.032,0.0,0.2125,0.0127,-0.0127,0.0,183.23,3.04,-3.04,0.0,0,F8 V,6024.0,13.0,-13.0,0.0,0.97,0.02,-0.02,0.0,1.196,0.089,-0.089,0.0,-0.105,0.0071,-0.0071,0.0,[M/H],4.52,0.01,-0.01,0.0,01h14m29.15s,18.621465,-05d02m52.70s,-5.0479716,38.662,0.065,-0.0648,7.5,0.03,-0.03,6.084,0.029,-0.029,7.34996,0.000284,-0.000284,"18.621465,-5.0479716",0.6,60.2,matched,60.0,23.1972,0.10509889124549517,3.4785816563997263,1.0,2996.4552710753032
HD 75289 b,HD 75289,2,1,Radial Velocity,1999,La Silla Observatory,0,3.50927,6.4e-05,-6.4e-05,0.0,0.05,0.0,0.0,0.0,14.2,,,0.0,1.27,,,0.0,155.7367,9.5349,-9.5349,0.0,0.49,0.03,-0.03,0.0,Msini,0.03,0.03,-0.03,0.0,821.3488,1.1283,-1.1283,0.0,1260.0,,,0.0,0,G0,6117.0,16.0,-16.0,0.0,1.23,0.02,-0.02,0.0,1.29,0.1,-0.1,0.0,0.26,,,0.0,[Fe/H],4.37,0.03,-0.03,0.0,08h47m40.36s,131.9181715,-41d44m15.99s,-41.7377748,29.1158,0.024,-0.024,6.35,0.03,-0.03,5.012,0.02,-0.02,6.21047,0.0004358,-0.0004358,"131.9181715,-41.7377748",21.6,21.6,matched,60.0,628.90128,7.950373387696079e-05,0.00960785763175907,1.0,19118947561.72858
HD 79498 b,HD 79498,2,1,Radial Velocity,2011,McDonald Observatory,0,1807.0,15.0,-15.0,0.0,2.98,0.15,-0.15,0.0,13.6,,,0.0,1.22,,,0.0,425.8922,66.7443,-66.7443,0.0,1.34,0.21,-0.21,0.0,Msini,0.575,0.023,-0.023,0.0,0.1207,0.0147,-0.0147,0.0,164.53,,,0.0,0,G5,5748.0,,,0.0,1.05,0.04,-0.04,0.0,1.08,0.15,-0.15,0.0,0.18,,,0.0,[Fe/H],4.37,0.12,-0.12,0.0,09h15m09.26s,138.7885794,+23d22m29.57s,23.3748792,48.9489,0.1776,-0.1763,8.05,0.03,-0.03,6.53,0.017,-0.017,7.8859,0.000364,-0.000364,"138.7885794,23.3748792",51.2,60.4,matched,60.0,2506.18368,0.0011890588961141109,4.947296372347707,1.0,2942780221.4052944
HD 87646 b,HD 87646,3,1,Radial Velocity,2016,Apache Point Observatory,0,13.481,0.001,-0.001,0.0,0.117,0.003,-0.003,0.0,12.4,,,0.0,1.1,,,0.0,3941.092,222.481,-222.481,0.0,12.4,0.7,-0.7,0.0,Msini,0.05,0.02,-0.02,0.0,665.812,85.5529,-85.5529,0.0,1012.7,74.37,-74.37,0.0,0,G,5770.0,80.0,-80.0,0.0,1.55,0.22,-0.22,0.0,1.12,0.09,-0.09,0.0,-0.17,0.08,-0.08,0.0,[Fe/H],4.1,0.1,-0.1,0.0,10h06m40.69s,151.6695435,+17d53m41.93s,17.8949795,73.58352,8.55496,-8.55496,8.07,0.03,-0.03,6.536,0.018,-0.018,7.9295,0.001505,-0.001505,"151.6695435,17.8949795",0.2,0.2,matched,60.0,14.716704,0.007950149707434491,0.03690896646132786,1.0,73452.39543336906
HD 89744 b,HD 89744,2,1,Radial Velocity,1999,Fred Lawrence Whipple Observatory,0,256.78,0.02,-0.02,0.0,0.917,0.009,-0.009,0.0,12.6,,,0.0,1.12,,,0.0,2653.8805,57.2094,-57.2094,0.0,8.35,0.18,-0.18,0.0,Msini,0.677,0.003,-0.003,0.0,7.4311,0.2975,-0.2975,0.0,462.62,,,0.0,0,F7 V,6291.0,,,0.0,2.13257,0.097324,-0.106369,0.0,1.86,,,0.0,0.2238,0.0117,-0.0117,0.0,[M/H],4.07,,,0.0,10h22m10.40s,155.5433193,+41d13m44.17s,41.2289354,38.6364,0.108,-0.1074,5.73469,0.023,-0.023,4.454,0.021,-0.021,5.60551,0.0011839,-0.0011839,"155.5433193,41.2289354",5.6,63.1,matched,60.0,216.36384,0.004238231305194066,0.7030253251197809,1.0,9234576.956401097
HD 96167 b,HD 96167,2,1,Radial Velocity,2009,W. M. Keck Observatory,0,498.04,0.76,-0.76,0.0,1.332,0.098,-0.098,0.0,14.0,,,0.0,1.25,,,0.0,227.88411,12.7132,-12.7132,0.0,0.717,0.04,-0.04,0.0,Msini,0.685,0.029,-0.029,0.0,2.0941,0.457,-0.457,0.0,333.63,,,0.0,0,G5,5733.0,,,0.0,1.94,,,0.0,1.27,,,0.0,0.34,0.06,-0.06,0.0,[Fe/H],3.99,,,0.0,11h05m15.02s,166.3125657,-10d17m28.84s,-10.291345,85.3006,0.4163,-0.4123,8.09,0.03,-0.03,6.554,0.036,-0.036,7.92849,0.000462,-0.000462,"166.3125657,-10.291345",3.4,5.8,matched,60.0,290.02204,0.004592754398941543,1.3635592060232717,1.0,14075192.21495641
HD 99492 b,HD 99492,2,2,Radial Velocity,2004,W. M. Keck Observatory,0,17.0503,0.0016,-0.0016,0.0,0.12,0.0,0.0,0.0,5.44,,,0.0,0.486,,,0.0,25.5,0.6,-0.6,0.0,0.08023197,0.00188781,-0.00188781,0.0,Msini,0.034,0.025,-0.021,0.0,23.2671,0.6804,-0.6804,0.0,622.27,7.99,-7.99,0.0,0,K2 V,4929.0,44.0,-44.0,0.0,0.822539,0.015196,-0.015196,0.0,0.85,0.02,-0.02,0.0,0.3,0.03,-0.03,0.0,[Fe/H],4.57,,,0.0,11h26m45.52s,171.689687,+03d00m25.68s,3.0071331,18.2038,0.0581,-0.0577,7.56727,0.023,-0.023,5.256,0.017,-0.017,7.26005,0.000411,-0.000411,"171.689687,3.0071331",29.1,204.7,matched,60.0,529.73058,0.00022653024864073353,0.04668117727583847,1.0,4015717888.084623
HD 99492 c,HD 99492,2,2,Radial Velocity,2023,Roque de los Muchachos Observatory,0,95.233,0.098,-0.096,0.0,0.38660826645196084,,,,4.42,,,0.0,0.394,,,0.0,17.9,1.3,-1.3,0.0,0.0563197,0.00409026,-0.00409026,0.0,Msini,0.063,0.06,-0.04,0.0,,,,,,,,,0,K2 V,4929.0,44.0,-44.0,0.0,0.822539,0.015196,-0.015196,0.0,0.85,0.02,-0.02,0.0,0.3,0.03,-0.03,0.0,[Fe/H],4.57,,,0.0,11h26m45.52s,171.689687,+03d00m25.68s,3.0071331,18.2038,0.0581,-0.0577,7.56727,0.023,-0.023,5.256,0.017,-0.017,7.26005,0.000411,-0.000411,"171.689687,3.0071331",29.1,204.7,matched,60.0,529.73058,0.0007298205560493804,0.2607337440109514,1.0,670731907.0958043
HIP 21152 b,HIP 21152,2,1,Imaging,2022,Multiple Observatories,0,22000.0,11000.0,-5800.0,0.0,17.0,5.0,-4.0,0.0,12.0,,,0.0,1.07,,,0.0,7627.881768,1906.970442,-1271.313628,0.0,24.0,6.0,-4.0,0.0,Mass,0.36,0.37,-0.25,0.0,0.015,0.0079,-0.0079,0.0,1300.0,50.0,-50.0,0.0,0,F5 V,6655.0,125.0,-125.0,0.0,1.59186,0.06669,-0.055903,0.0,1.4,0.05,-0.05,0.0,0.13,0.05,-0.05,0.0,[Fe/H],4.3,0.2,-0.2,0.0,04h32m04.93s,68.0205209,+05d24m36.27s,5.4100745,43.4073,0.1311,-0.1303,6.37009,0.023,-0.023,5.333,0.021,-0.021,6.25568,0.0003405,-0.0003405,"68.0205209,5.4100745",0.4,0.4,matched,60.0,17.36292,0.9790979858226612,60.23271731690623,1.0,64.17324267779851
HIP 65 A b,HIP 65 A,2,1,Transit,2020,Transiting Exoplanet Survey Satellite (TESS),0,0.9809734,3.1e-06,-3.1e-06,0.0,0.01782,0.0002,-0.00021,0.0,22.75427,6.83749,-5.49241,0.0,2.03,0.61,-0.49,0.0,1021.18779,24.79074,-24.79074,0.0,3.213,0.078,-0.078,0.0,Mass,0.0,,,0.0,661.0,28.0,-29.0,0.0,1411.0,15.0,-15.0,0.0,0,K4 V,4590.0,49.0,-49.0,0.0,0.7242,0.0081,-0.0091,0.0,0.781,0.027,-0.027,0.0,0.18,0.08,-0.08,0.0,[Fe/H],4.611,0.011,-0.01,0.0,00h00m44.55s,0.1856063,-54d49m50.96s,-54.8308228,61.7856,0.0806,-0.0804,11.0,0.03,-0.03,8.29,0.025,-0.025,10.5895,0.000446,-0.000446,"0.1856063,-54.8308228",3.8,73.6,matched,60.0,234.78528,7.58991364364921e-05,0.002685758795345654,1.0,6142660357.361678
HIP 81991 b,HIP 81991,2,1,Radial Velocity,2026,Multiple Facilities,0,5860.0,603.0,-603.0,0.0,6.4,0.6,-0.3,0.0,12.5,,,0.0,1.12,,,0.0,3019.3698665,1716.2733978,-699.2224954,0.0,9.5,5.4,-2.2,0.0,Mass,,,,,0.1185,,,0.0,163.28,,,0.0,0,G8 V,5100.0,40.0,-70.0,0.0,2.82111,,,0.0,1.09,0.07,-0.13,0.0,-0.27,0.01,-0.01,0.0,[Fe/H],,,,,16h44m59.76s,251.2490143,+06d05m13.37s,6.087048,43.9016,0.07145,-0.07145,6.56168,0.023,-0.023,4.38,0.021,-0.021,6.30606,0.0003169,-0.0003169,"251.2490143,6.087048",163.5,175.8,matched,60.0,7177.9116,0.0008916242434637953,16.043805612594113,1.0,22634024716.879883
K2-31 b,K2-31,2,1,Transit,2016,K2,0,1.25785,2e-06,-2e-06,0.0,0.022,0.0018,-0.0018,0.0,11.88154,3.92315,-3.92315,0.0,1.06,0.35,-0.35,0.0,563.83042,25.10857,-25.10857,0.0,1.774,0.079,-0.079,0.0,Mass,0.0,,,0.0,1272.0,121.0,-121.0,0.0,1688.0,47.0,-47.0,0.0,0,G7 V,5280.0,70.0,-70.0,0.0,0.78,0.07,-0.07,0.0,0.91,0.06,-0.06,0.0,0.08,0.05,-0.05,0.0,[Fe/H],4.6,0.07,-0.07,0.0,16h21m45.73s,245.4405531,-23d32m53.78s,-23.548273,110.527,0.72,-0.712,10.802,0.01,-0.01,8.866,0.019,-0.019,10.5371,0.000371,-0.000371,"245.4405531,-23.548273",8.4,8.4,matched,60.0,928.4268000000001,2.3695998435202427e-05,0.0034438056125941133,1.0,258829391904.40973
KELT-15 b,KELT-15,2,1,Transit,2016,KELT-South,0,3.32944,1.6e-05,-1.6e-05,0.0,0.04613,0.00065,-0.00065,0.0,19.50366,2.2418,-2.2418,0.0,1.74,0.2,-0.2,0.0,416.3573,136.6669,-136.6669,0.0,1.31,0.43,-0.43,0.0,Mass,0.0,,,0.0,1612.7618,,,0.0,1642.0,45.0,-25.0,0.0,0,,6003.0,54.0,-54.0,0.0,1.78,0.21,-0.21,0.0,2.06,0.75,-0.75,0.0,0.05,,,0.0,[Fe/H],4.17,0.03,-0.03,0.0,07h49m39.59s,117.4149764,-52d07m13.61s,-52.1204471,324.683,2.479,-2.442,11.39,0.012,-0.012,9.854,0.025,-0.025,11.0694,0.000457,-0.000457,"117.4149764,-52.1204471",6.1,29.6,matched,60.0,1980.5662999999997,2.329131824569569e-05,0.009115509924709103,1.0,721437577667.5863
KELT-19 A b,KELT-19 A,2,1,Transit,2017,KELT,0,4.6117093,8.8e-06,-8.8e-06,0.0,0.0637,0.0031,-0.0027,0.0,21.40919,1.23299,-1.23299,0.0,1.91,0.11,-0.11,0.0,1293.5681,,,1.0,4.07,,,1.0,Mass,,,,,2340.0,184.0,-184.0,0.0,1935.0,38.0,-38.0,0.0,1,A8 V,7500.0,110.0,-110.0,0.0,1.83,0.099,-0.099,0.0,1.62,0.25,-0.2,0.0,-0.12,0.51,-0.51,0.0,[Fe/H],4.127,0.029,-0.029,0.0,07h26m02.29s,111.5095293,+07d36m56.79s,7.6157759,300.276,4.684,-4.544,9.857,0.005,-0.005,9.196,0.023,-0.023,9.86331,0.001629,-0.001629,"111.5095293,7.6157759",0.6,0.6,matched,60.0,180.1656,0.00035356361036735094,0.012626171937029432,1.0,285672883.90751106
Kepler-1027 b,Kepler-1027,2,1,Transit,2016,Kepler,0,1.907805199,2.464e-06,-2.464e-06,0.0,0.02911,0.00013,-0.00013,0.0,0.89,0.04,-0.02,0.0,0.07940048,0.00356856,-0.00178428,0.0,0.64,,,0.0,0.00201,,,0.0,M-R relationship,0.0,,,0.0,1162.51,31.797,-30.9,0.0,1268.0,,,0.0,0,,5436.0,66.85,-58.48,0.0,0.82,0.021,-0.016,0.0,0.91,0.027,-0.021,0.0,-0.06,0.107,-0.087,0.0,[Fe/H],4.57,0.009,-0.009,0.0,19h10m17.08s,287.5711746,+42d48m49.74s,42.8138159,405.104,4.976,-4.859,12.994,0.08,-0.08,11.119,0.013,-0.013,12.8401,0.000232,-0.000232,"287.5711746,42.8138159",19.0,19.0,matched,60.0,7696.976,3.78200477694097e-06,0.005223285965776865,1.0,96555626073333.42
Kepler-104 b,Kepler-104,2,3,Transit,2014,Kepler,0,11.427548,1.5e-05,-1.5e-05,0.0,0.094,,,0.0,3.1,0.53,-0.53,0.0,0.277,0.047,-0.047,0.0,19.6,14.5,-12.4,0.0,0.062,0.046,-0.039,0.0,Mass,0.0,,,0.0,119.907,2.951,-2.888,0.0,852.0,,,0.0,0,,5711.0,74.0,-74.0,0.0,1.349,0.223,-0.223,0.0,0.818,0.013,-0.008,0.0,-0.42,0.04,-0.04,0.0,[Fe/H],4.105,0.1,-0.1,0.0,19h10m25.12s,287.6046621,+42d09m59.44s,42.1665104,400.785,4.483,-4.386,12.697,0.08,-0.08,11.209,0.011,-0.011,12.5697,0.00021,-0.00021,"287.6046621,42.1665104",1.9,17.0,matched,60.0,761.4915,0.00012344195568827755,0.03128692128678987,1.0,16633147878.64823
Kepler-104 c,Kepler-104,2,3,Transit,2014,Kepler,0,23.668205,5.6e-05,-5.6e-05,0.0,0.153,,,0.0,3.13,0.55,-0.55,0.0,0.279,0.049,-0.049,0.0,7.14430805,3.89355224,-3.89355224,0.0,0.02247458,0.01225049,-0.01225049,0.0,Msini,0.0,,,0.0,45.438,1.118,-1.094,0.0,668.0,,,0.0,0,,5711.0,74.0,-74.0,0.0,1.349,0.223,-0.223,0.0,0.818,0.013,-0.008,0.0,-0.42,0.04,-0.04,0.0,[Fe/H],4.105,0.1,-0.1,0.0,19h10m25.12s,287.6046621,+42d09m59.44s,42.1665104,400.785,4.483,-4.386,12.697,0.08,-0.08,11.209,0.011,-0.011,12.5697,0.00021,-0.00021,"287.6046621,42.1665104",1.9,17.0,matched,60.0,761.4915,0.00020092148106709004,0.06480001368925394,1.0,7989065559.854927
Kepler-104 d,Kepler-104,2,3,Transit,2014,Kepler,0,51.755394,0.00016,-0.00016,0.0,0.257,,,0.0,3.58,0.61,-0.61,0.0,0.319,0.054,-0.054,0.0,5.54022107,4.62828103,-4.62828103,0.0,0.01743092,0.0145622,-0.0145622,0.0,Msini,0.0,,,0.0,16.012,0.394,-0.386,0.0,515.0,,,0.0,0,,5711.0,74.0,-74.0,0.0,1.349,0.223,-0.223,0.0,0.818,0.013,-0.008,0.0,-0.42,0.04,-0.04,0.0,[Fe/H],4.105,0.1,-0.1,0.0,19h10m25.12s,287.6046621,+42d09m59.44s,42.1665104,400.785,4.483,-4.386,12.697,0.08,-0.08,11.209,0.011,-0.011,12.5697,0.00021,-0.00021,"287.6046621,42.1665104",1.9,17.0,matched,60.0,761.4915,0.00033749555970092904,0.14169854620123204,1.0,3686049850.953725
Kepler-1063 b,Kepler-1063,2,1,Transit,2016,Kepler,0,14.07971466,2.871e-05,-2.871e-05,0.0,0.1176,,,0.0,1.49,0.4,-0.19,0.0,0.1329289,0.03568561,-0.01695066,0.0,2.83,,,0.0,0.00889,,,0.0,M-R relationship,0.0,,,0.0,54.93,63.47,-13.52,0.0,931.0,,,0.0,0,,5945.0,188.84,-155.38,0.0,1.14,0.304,-0.14,0.0,1.09,0.109,-0.072,0.0,0.09,0.146,-0.133,0.0,[Fe/H],4.37,0.095,-0.184,0.0,19h22m06.43s,290.5267975,+38d08m34.18s,38.1428283,343.226,,,13.029,0.02,-0.02,10.793,0.02,-0.02,,,,"290.5267975,38.1428283",0.1,1.2,matched,60.0,34.3226,0.0034263138573418094,0.038548157864476386,1.0,958345.7047818591
Kepler-1150 b,Kepler-1150,2,1,Transit,2016,Kepler,0,2.787868386,8.265e-06,-8.265e-06,0.0,0.0382,,,0.0,1.02,0.06,-0.06,0.0,0.0909983,0.00535284,-0.00535284,0.0,1.04,,,0.0,0.00328,,,0.0,M-R relationship,0.0,,,0.0,153.741,3.599,-3.53,0.0,1432.0,,,0.0,0,,4754.0,80.38,-77.33,0.0,0.72,0.027,-0.032,0.0,0.76,0.034,-0.037,0.0,0.01,0.147,-0.162,0.0,[Fe/H],4.61,0.02,-0.033,0.0,19h46m53.87s,296.7244553,+49d31m57.66s,49.5326846,358.518,2.334,-2.304,14.748,0.137,-0.137,12.128,0.021,-0.021,14.4231,0.000327,-0.000327,"296.7244553,49.5326846",2.4,3.5,matched,60.0,860.4431999999999,4.4395725365718504e-05,0.007632767655030801,1.0,87228534074.47112
Kepler-136 b,Kepler-136,2,2,Transit,2014,Kepler,0,11.5789,3e-05,-3e-05,0.0,0.106,,,0.0,2.05,0.38,-0.38,0.0,0.183,0.034,-0.034,0.0,19.8,11.7,-10.4,0.0,0.062,0.037,-0.033,0.0,Mass,0.0,,,0.0,257.984,6.236,-6.062,0.0,951.0,,,0.0,1,,6165.0,100.0,-100.0,0.0,1.355,0.248,-0.248,0.0,1.204,0.043,-0.043,0.0,0.0002,0.0124,-0.0124,0.0,[M/H],4.244,0.15,-0.15,0.0,19h45m52.15s,296.4673039,+42d35m55.67s,42.5987984,420.818,4.389,-4.3,11.822,0.046,-0.046,10.519,0.012,-0.012,11.7544,0.000201,-0.000201,"296.4673039,42.5987984",3.0,5.0,matched,60.0,1262.454,8.396345530213379e-05,0.03170130047912389,1.0,53555758055.57465
Kepler-136 c,Kepler-136,2,2,Transit,2014,Kepler,0,16.399235,5.1e-05,-5.1e-05,0.0,0.133,,,0.0,1.99,0.37,-0.37,0.0,0.178,0.033,-0.033,0.0,4.62,,,0.0,0.0145,,,0.0,M-R relationship,0.0,,,0.0,162.044,3.917,-3.808,0.0,847.0,,,0.0,1,,6165.0,100.0,-100.0,0.0,1.355,0.248,-0.248,0.0,1.204,0.043,-0.043,0.0,0.0002,0.0124,-0.0124,0.0,[M/H],4.244,0.15,-0.15,0.0,19h45m52.15s,296.4673039,+42d35m55.67s,42.5987984,420.818,4.389,-4.3,11.822,0.046,-0.046,10.519,0.012,-0.012,11.7544,0.000201,-0.000201,"296.4673039,42.5987984",3.0,5.0,matched,60.0,1262.454,0.00010535037316211126,0.04489865845311431,1.0,38399461138.01833
Kepler-14 b,Kepler-14,2,1,Transit,2011,Kepler,0,6.790123,4.3e-06,-4.3e-06,0.0,0.0771,0.0012,-0.0012,0.0,12.733,0.818,-0.605,0.0,1.136,0.073,-0.054,0.0,2669.66,111.24,-108.06,0.0,8.4,0.35,-0.34,0.0,Mass,0.035,0.02,-0.02,0.0,1029.51,123.31,-112.71,0.0,1605.0,39.0,-39.0,0.0,0,,6395.0,60.0,-60.0,0.0,2.048,0.112,-0.084,0.0,1.512,0.043,-0.043,0.0,0.12,0.06,-0.06,0.0,[Fe/H],3.994,0.028,-0.036,0.0,19h10m50.12s,287.708814,+47d19m58.98s,47.33305,798.0,25.099,-26.37,12.003,0.027,-0.027,10.988,0.011,-0.011,,,,"287.708814,47.33305",0.3,5.3,matched,60.0,239.39999999999998,0.00032205513784461156,0.018590343600273788,1.0,556540432.0734488
Kepler-1540 b,Kepler-1540,2,1,Transit,2016,Kepler,0,125.4131177,0.0004189,-0.0004189,0.0,0.4426,,,0.0,2.49,0.19,-0.14,0.0,0.22214292,0.01695066,-0.01248996,0.0,6.76,,,0.0,0.0213,,,0.0,M-R relationship,0.0,,,0.0,0.849,0.019,-0.019,0.0,266.0,,,0.0,0,,4540.0,69.37,-88.2,0.0,0.69,0.025,-0.03,0.0,0.74,0.03,-0.044,0.0,0.1,0.154,-0.196,0.0,[Fe/H],4.63,0.015,-0.022,0.0,18h53m22.69s,283.3445555,+41d12m06.32s,41.2017544,244.96,0.903,-0.896,14.429,0.08,-0.08,11.519,0.023,-0.023,14.0831,0.000281,-0.000281,"283.3445555,41.2017544",1.8,5.6,matched,60.0,440.928,0.0010037920023223746,0.34336240301163584,1.0,339485747.58744615
Kepler-1647 b,Kepler-1647,2,1,Transit,2016,Kepler,0,1107.5923,0.0227,-0.0227,0.0,2.7205,0.007,-0.007,0.0,11.8739,0.1377,-0.1377,0.0,1.0593184,0.01228477,-0.01228477,0.0,483.0,206.0,-206.0,0.0,1.51968033,0.64814523,-0.64814523,0.0,Mass,0.0581,0.0689,-0.0689,0.0,0.5956,0.0339,-0.0339,0.0,242.92,3.94,-3.94,0.0,0,,6210.0,100.0,-100.0,0.0,1.7903,0.0055,-0.0055,0.0,1.2207,0.0112,-0.0112,0.0,-0.14,0.05,-0.05,0.0,[Fe/H],4.018,0.002,-0.002,0.0,19h52m36.01s,298.150057,+40d39m22.23s,40.6561751,1212.45,22.335,-22.335,13.668,0.126,-0.126,12.007,0.024,-0.024,13.579,0.000223,-0.000223,"298.150057,40.6561751",2.9,9.8,matched,60.0,3516.105,0.0007737254717933623,3.0324224503764547,1.0,6546799186.67312
Kepler-197 b,Kepler-197,2,4,Transit,2014,Kepler,0,5.599308,2.3e-05,-2.3e-05,0.0,0.06,,,0.0,1.02,0.04,-0.04,0.0,0.091,0.004,-0.004,0.0,1.04,,,0.0,0.00328,,,0.0,M-R relationship,0.02,0.23,-0.02,0.0,431.256,10.354,-10.145,0.0,1142.0,,,0.0,0,,6004.0,102.0,-102.0,0.0,1.12,0.033,-0.033,0.0,0.857,0.023,-0.019,0.0,-0.441,0.0136,-0.0136,0.0,[M/H],4.304,0.053,-0.053,0.0,19h40m54.35s,295.2264739,+50d33m33.25s,50.5592348,330.575,2.344,-2.312,11.775,0.024,-0.024,10.535,0.021,-0.021,11.78,0.000175,-0.000175,"295.2264739,50.5592348",5.6,5.6,matched,60.0,1851.2199999999998,3.241105865321248e-05,0.015330069815195071,1.0,450261156376.77045
Kepler-197 c,Kepler-197,2,4,Transit,2014,Kepler,0,10.349695,4.5e-05,-4.5e-05,0.0,0.09,,,0.0,1.23,0.04,-0.04,0.0,0.11,0.004,-0.004,0.0,5.3,3.3,-2.9,0.0,0.017,0.01,-0.009,0.0,Mass,0.08,0.21,-0.08,0.0,189.965,4.561,-4.469,0.0,930.0,,,0.0,0,,6004.0,102.0,-102.0,0.0,1.12,0.033,-0.033,0.0,0.857,0.023,-0.019,0.0,-0.441,0.0136,-0.0136,0.0,[M/H],4.304,0.053,-0.053,0.0,19h40m54.35s,295.2264739,+50d33m33.25s,50.5592348,330.575,2.344,-2.312,11.775,0.024,-0.024,10.535,0.021,-0.021,11.78,0.000175,-0.000175,"295.2264739,50.5592348",5.6,5.6,matched,60.0,1851.2199999999998,4.861658797981872e-05,0.028335920602327175,1.0,246594791586.38254
Kepler-197 d,Kepler-197,2,4,Transit,2014,Kepler,0,15.677563,9.6e-05,-9.6e-05,0.0,0.119,,,0.0,1.22,0.1,-0.1,0.0,0.109,0.009,-0.009,0.0,1.98,,,0.0,0.00624,,,0.0,M-R relationship,0.03,0.2,-0.03,0.0,109.091,2.619,-2.566,0.0,810.0,,,0.0,0,,6004.0,102.0,-102.0,0.0,1.12,0.033,-0.033,0.0,0.857,0.023,-0.019,0.0,-0.441,0.0136,-0.0136,0.0,[M/H],4.304,0.053,-0.053,0.0,19h40m54.35s,295.2264739,+50d33m33.25s,50.5592348,330.575,2.344,-2.312,11.775,0.024,-0.024,10.535,0.021,-0.021,11.78,0.000175,-0.000175,"295.2264739,50.5592348",5.6,5.6,matched,60.0,1851.2199999999998,6.428193299553808e-05,0.04292282819986311,1.0,161592629014.29126
Kepler-197 e,Kepler-197,2,4,Transit,2014,Kepler,0,25.209715,0.000387,-0.000387,0.0,0.164,,,0.0,0.91,0.04,-0.04,0.0,0.081,0.004,-0.004,0.0,0.693,,,0.0,0.00218,,,0.0,M-R relationship,0.38,0.25,-0.17,0.0,57.941,1.391,-1.363,0.0,691.0,,,0.0,0,,6004.0,102.0,-102.0,0.0,1.12,0.033,-0.033,0.0,0.857,0.023,-0.019,0.0,-0.441,0.0136,-0.0136,0.0,[M/H],4.304,0.053,-0.053,0.0,19h40m54.35s,295.2264739,+50d33m33.25s,50.5592348,330.575,2.344,-2.312,11.775,0.024,-0.024,10.535,0.021,-0.021,11.78,0.000175,-0.000175,"295.2264739,50.5592348",5.6,5.6,matched,60.0,1851.2199999999998,8.859022698544745e-05,0.06902043805612594,1.0,99270513420.32549
Kepler-21 b,Kepler-21,2,1,Transit,2012,Kepler,0,2.7858212,3.2e-06,-3.2e-06,0.0,0.0434,0.00021,-0.00032,0.0,1.639,0.019,-0.015,0.0,0.14622204,0.00169507,-0.00133821,0.0,7.5,1.3,-1.3,0.0,0.02359764,0.00409026,-0.00409026,0.0,Mass,0.0,,,0.0,2749.0,90.0,-90.0,0.0,2015.0,16.0,-16.0,0.0,0,F6 IV,6305.0,50.0,-50.0,0.0,1.902,0.018,-0.012,0.0,1.408,0.021,-0.03,0.0,-0.03,0.1,-0.1,0.0,[Fe/H],4.026,0.004,-0.004,0.0,19h09m26.87s,287.3619673,+38d42m50.90s,38.7141384,108.522,0.385,-0.382,8.25,0.03,-0.03,6.945,0.018,-0.018,8.12832,0.000459,-0.000459,"287.3619673,38.7141384",0.7,6.2,matched,60.0,75.9654,0.0005713127292161958,0.007627162765229295,1.0,40901695.65273468
Kepler-25 b,Kepler-25,2,3,Transit,2011,Kepler,0,6.238297,1.7e-05,-1.7e-05,0.0,0.0695,0.00068,-0.00068,0.0,2.748,0.038,-0.035,0.0,0.24516014,0.00339013,-0.00312249,0.0,8.7,2.5,-2.3,0.0,0.0275,0.0079,-0.0073,0.0,Mass,0.0029,0.0023,-0.0017,0.0,542.96,10.903,-10.699,0.0,1185.0,,,0.0,1,F8,6354.0,27.0,-27.0,0.0,1.316,0.016,-0.015,0.0,1.165,0.027,-0.029,0.0,0.11,0.03,-0.03,0.0,[Fe/H],4.285,0.003,-0.003,0.0,19h06m33.21s,286.6383905,+39d29m16.45s,39.4879038,243.249,1.414,-1.397,10.769,0.008,-0.008,9.493,0.017,-0.017,10.6319,0.000257,-0.000257,"286.6383905,39.4879038",8.4,8.4,matched,60.0,2043.2916,3.401374527257881e-05,0.017079526351813826,1.0,434022713443.0204
Kepler-25 c,Kepler-25,2,3,Transit,2011,Kepler,0,12.7207,0.00011,-0.0001,0.0,0.1117,0.00111,-0.00111,0.0,5.217,0.07,-0.065,0.0,0.46542957,0.00624498,-0.00579891,0.0,15.2,1.3,-1.6,0.0,0.0479,0.0041,-0.0051,0.0,Mass,0.0061,0.0049,-0.0041,0.0,210.172,4.221,-4.142,0.0,934.0,,,0.0,1,F8,6354.0,27.0,-27.0,0.0,1.316,0.016,-0.015,0.0,1.165,0.027,-0.029,0.0,0.11,0.03,-0.03,0.0,[Fe/H],4.285,0.003,-0.003,0.0,19h06m33.21s,286.6383905,+39d29m16.45s,39.4879038,243.249,1.414,-1.397,10.769,0.008,-0.008,9.493,0.017,-0.017,10.6319,0.000257,-0.000257,"286.6383905,39.4879038",8.4,8.4,matched,60.0,2043.2916,5.4666695639525944e-05,0.03482737850787132,1.0,213182875275.49982
Kepler-25 d,Kepler-25,2,3,Radial Velocity,2014,W. M. Keck Observatory,0,122.4,0.8,-0.71,0.0,0.4164221832,,,0.0,10.0,,,0.0,0.894,,,0.0,71.9,9.8,-9.8,0.0,0.226,0.031,-0.031,0.0,Mass,0.13,0.13,-0.09,0.0,15.2243,,,0.0,544.68,,,0.0,0,F8,6354.0,27.0,-27.0,0.0,1.316,0.016,-0.015,0.0,1.165,0.027,-0.029,0.0,0.11,0.03,-0.03,0.0,[Fe/H],4.285,0.003,-0.003,0.0,19h06m33.21s,286.6383905,+39d29m16.45s,39.4879038,243.249,1.414,-1.397,10.769,0.008,-0.008,9.493,0.017,-0.017,10.6319,0.000257,-0.000257,"286.6383905,39.4879038",8.4,8.4,matched,60.0,2043.2916,0.00020379968439159638,0.3351129363449692,1.0,39589559712.886284
Kepler-333 b,Kepler-333,2,2,Transit,2014,Kepler,0,12.551158,4.4e-05,-4.4e-05,0.0,0.087,,,0.0,1.32,0.16,-0.16,0.0,0.118,0.014,-0.014,0.0,28.2,29.0,-24.1,0.0,0.089,0.091,-0.076,0.0,Mass,0.0,,,0.0,16.819,0.451,-0.44,0.0,480.0,,,0.0,0,,4259.0,200.0,-200.0,0.0,0.534,0.054,-0.054,0.0,0.601,0.015,-0.015,0.0,0.0465,0.0127,-0.0127,0.0,[M/H],4.732,0.3,-0.3,0.0,19h29m08.67s,292.2861201,+40d54m48.75s,40.9135429,324.413,2.1495,-2.1495,15.052,0.08,-0.08,12.118,0.025,-0.025,14.7212,0.000745,-0.000745,"292.2861201,40.9135429",1.2,4.5,matched,60.0,389.2956,0.00022348056335596907,0.034363197809719366,1.0,3078749112.8130136
Kepler-333 c,Kepler-333,2,2,Transit,2014,Kepler,0,24.08821,0.000207,-0.000207,0.0,0.135,,,0.0,1.11,0.2,-0.2,0.0,0.099,0.018,-0.018,0.0,1.41,,,0.0,0.00444,,,0.0,M-R relationship,0.0,,,0.0,7.049,0.189,-0.184,0.0,386.0,,,0.0,0,,4259.0,200.0,-200.0,0.0,0.534,0.054,-0.054,0.0,0.601,0.015,-0.015,0.0,0.0465,0.0127,-0.0127,0.0,[M/H],4.732,0.3,-0.3,0.0,19h29m08.67s,292.2861201,+40d54m48.75s,40.9135429,324.413,2.1495,-2.1495,15.052,0.08,-0.08,12.118,0.025,-0.025,14.7212,0.000745,-0.000745,"292.2861201,40.9135429",1.2,4.5,matched,60.0,389.2956,0.0003467801845178831,0.06594992470910335,1.0,1581435501.5942822
Kepler-353 b,Kepler-353,2,2,Transit,2014,Kepler,0,5.795278,5.5e-05,-5.5e-05,0.0,0.051,,,0.0,0.89,0.06,-0.06,0.0,0.079,0.005,-0.005,0.0,0.64,,,0.0,0.00201,,,0.0,M-R relationship,0.0,,,0.0,27.189,2.808,-2.581,0.0,534.0,,,0.0,0,,3903.0,100.0,-100.0,0.0,0.504,0.016,-0.016,0.0,0.553,0.01,-0.01,0.0,-0.12,0.094,-0.108,0.0,[Fe/H],4.751,0.1,-0.1,0.0,19h47m25.57s,296.8565596,+41d45m29.07s,41.7580749,384.694,4.945,-4.945,16.126,1.133,-1.133,12.808,0.027,-0.027,15.7248,0.000609,-0.000609,"296.8565596,41.7580749",3.2,12.9,matched,60.0,1231.0208000000002,4.142903190587843e-05,0.01586660643394935,1.0,223136026064.36716
Kepler-353 c,Kepler-353,2,2,Transit,2014,Kepler,0,8.410894,3.9e-05,-3.9e-05,0.0,0.065,,,0.0,1.38,0.07,-0.07,0.0,0.123,0.006,-0.006,0.0,2.48,,,0.0,0.0078,,,0.0,M-R relationship,0.0,,,0.0,16.561,1.71,-1.572,0.0,472.0,,,0.0,0,,3903.0,100.0,-100.0,0.0,0.504,0.016,-0.016,0.0,0.553,0.01,-0.01,0.0,-0.12,0.094,-0.108,0.0,[Fe/H],4.751,0.1,-0.1,0.0,19h47m25.57s,296.8565596,+41d45m29.07s,41.7580749,384.694,4.945,-4.945,16.126,1.133,-1.133,12.808,0.027,-0.027,15.7248,0.000609,-0.000609,"296.8565596,41.7580749",3.2,12.9,matched,60.0,1231.0208000000002,5.280170733102153e-05,0.02302777275838467,1.0,156425675253.00192
Kepler-444 b,Kepler-444,3,5,Transit,2015,Kepler,0,3.6001053,8.3e-06,-8e-06,0.0,0.04178,0.00079,-0.00079,0.0,0.403,0.016,-0.014,0.0,0.036,0.001,-0.001,0.0,0.0374,,,0.0,0.000118,,,0.0,M-R relationship,0.16,0.21,-0.1,0.0,225.735,4.177,-4.139,0.0,938.0,,,0.0,0,K,5046.0,74.0,-74.0,0.0,0.752,0.014,-0.014,0.0,0.758,0.043,-0.043,0.0,-0.55,0.07,-0.07,0.0,[Fe/H],4.5625,0.0095,-0.0095,0.0,19h19m00.68s,289.7528323,+41d37m54.78s,41.631884,36.4396,0.0395,-0.0394,8.87,0.03,-0.03,6.703,0.02,-0.02,8.643251,0.000336,-0.000336,"289.7528323,41.631884",1.8,1.8,matched,60.0,65.59128,0.0006369749149582078,0.00985655112936345,1.0,38138006.69106817
Kepler-444 c,Kepler-444,3,5,Transit,2015,Kepler,0,4.5458841,7e-06,-7.1e-06,0.0,0.04881,0.00093,-0.00093,0.0,0.497,0.021,-0.017,0.0,0.044,0.002,-0.002,0.0,0.0793,,,0.0,0.00025,,,0.0,M-R relationship,0.31,0.12,-0.15,0.0,165.73,3.067,-3.038,0.0,868.0,,,0.0,0,K,5046.0,74.0,-74.0,0.0,0.752,0.014,-0.014,0.0,0.758,0.043,-0.043,0.0,-0.55,0.07,-0.07,0.0,[Fe/H],4.5625,0.0095,-0.0095,0.0,19h19m00.68s,289.7528323,+41d37m54.78s,41.631884,36.4396,0.0395,-0.0394,8.87,0.03,-0.03,6.703,0.02,-0.02,8.643251,0.000336,-0.000336,"289.7528323,41.631884",1.8,1.8,matched,60.0,65.59128,0.0007441537960533778,0.012445952361396305,1.0,30202300.88351664
Kepler-444 d,Kepler-444,3,5,Transit,2015,Kepler,0,6.189392,1.2e-05,-1.2e-05,0.0,0.06,0.0011,-0.0011,0.0,0.53,0.022,-0.019,0.0,0.047,0.002,-0.002,0.0,0.2,0.5,-0.1,0.0,0.00062927,0.00157317,-0.00031463,0.0,Mass,0.18,0.16,-0.12,0.0,109.638,2.029,-2.01,0.0,783.0,,,0.0,0,K,5046.0,74.0,-74.0,0.0,0.752,0.014,-0.014,0.0,0.758,0.043,-0.043,0.0,-0.55,0.07,-0.07,0.0,[Fe/H],4.5625,0.0095,-0.0095,0.0,19h19m00.68s,289.7528323,+41d37m54.78s,41.631884,36.4396,0.0395,-0.0394,8.87,0.03,-0.03,6.703,0.02,-0.02,8.643251,0.000336,-0.000336,"289.7528323,41.631884",1.8,1.8,matched,60.0,65.59128,0.0009147557419217921,0.01694563175906913,1.0,22138201.290887035
Kepler-444 e,Kepler-444,3,5,Transit,2015,Kepler,0,7.743493,1.7e-05,-1.6e-05,0.0,0.0696,0.0013,-0.0013,0.0,0.546,0.017,-0.015,0.0,0.049,0.002,-0.001,0.0,0.1,0.2,-0.1,0.0,0.00031463,0.00062927,-0.00031463,0.0,Mass,0.1,0.2,-0.07,0.0,81.344,1.505,-1.491,0.0,727.0,,,0.0,0,K,5046.0,74.0,-74.0,0.0,0.752,0.014,-0.014,0.0,0.758,0.043,-0.043,0.0,-0.55,0.07,-0.07,0.0,[Fe/H],4.5625,0.0095,-0.0095,0.0,19h19m00.68s,289.7528323,+41d37m54.78s,41.631884,36.4396,0.0395,-0.0394,8.87,0.03,-0.03,6.703,0.02,-0.02,8.643251,0.000336,-0.000336,"289.7528323,41.631884",1.8,1.8,matched,60.0,65.59128,0.0010611166606292787,0.021200528405201917,1.0,17744235.18705653
Kepler-444 f,Kepler-444,3,5,Transit,2015,Kepler,0,9.740486,1.3e-05,-1.3e-05,0.0,0.0811,0.0015,-0.0015,0.0,0.741,0.041,-0.04,0.0,0.066,0.004,-0.004,0.0,0.332,,,0.0,0.00104,,,0.0,M-R relationship,0.29,0.2,-0.19,0.0,59.915,1.109,-1.098,0.0,673.0,,,0.0,0,K,5046.0,74.0,-74.0,0.0,0.752,0.014,-0.014,0.0,0.758,0.043,-0.043,0.0,-0.55,0.07,-0.07,0.0,[Fe/H],4.5625,0.0095,-0.0095,0.0,19h19m00.68s,289.7528323,+41d37m54.78s,41.631884,36.4396,0.0395,-0.0394,8.87,0.03,-0.03,6.703,0.02,-0.02,8.643251,0.000336,-0.000336,"289.7528323,41.631884",1.8,1.8,matched,60.0,65.59128,0.0012364448444976224,0.026667997262149214,1.0,14108022.95668738
Kepler-454 b,Kepler-454,2,3,Transit,2015,Kepler,0,10.5737534,7.8e-06,-7.8e-06,0.0,0.09528,0.0013,-0.00091,0.0,2.37,0.13,-0.13,0.0,0.2114376,0.01159784,-0.01159784,0.0,5.4,1.4,-1.4,0.0,0.0169903,0.00440489,-0.00440489,0.0,Mass,0.32,,,1.0,117.7,5.6,-5.6,0.0,916.0,10.0,-10.0,0.0,0,,5687.0,49.0,-49.0,0.0,1.066,0.012,-0.012,0.0,1.03,0.04,-0.03,0.0,0.32,0.08,-0.08,0.0,[Fe/H],4.4,0.012,-0.012,0.0,19h09m54.88s,287.4786474,+38d13m44.67s,38.2290751,230.869,1.316,-1.301,11.567,0.021,-0.021,9.968,0.018,-0.018,11.4395,0.000276,-0.000276,"287.4786474,38.2290751",0.5,5.5,matched,60.0,115.4345,0.0008254031507045121,0.02894935906913073,1.0,51480242.74258047
Kepler-454 c,Kepler-454,2,3,Radial Velocity,2015,Multiple Facilities,0,524.19,0.2,-0.2,0.0,1.287,0.017,-0.017,0.0,12.9,,,0.0,1.15,,,0.0,1433.40611557,38.13940884,-38.13940884,0.0,4.51,0.12,-0.12,0.0,Msini,0.0053,,,1.0,0.6814,0.0298,-0.0298,0.0,249.58,3.05,-3.05,0.0,0,,5687.0,49.0,-49.0,0.0,1.066,0.012,-0.012,0.0,1.03,0.04,-0.03,0.0,0.32,0.08,-0.08,0.0,[Fe/H],4.4,0.012,-0.012,0.0,19h09m54.88s,287.4786474,+38d13m44.67s,38.2290751,230.869,1.316,-1.301,11.567,0.021,-0.021,9.968,0.018,-0.018,11.4395,0.000276,-0.000276,"287.4786474,38.2290751",0.5,5.5,matched,60.0,115.4345,0.01114917983791674,1.4351540041067763,1.0,1035546.8329210686
Kepler-454 d,Kepler-454,2,3,Radial Velocity,2023,Roque de los Muchachos Observatory,0,4073.0,399.0,-186.0,0.0,5.1,0.34,-0.19,0.0,13.3,,,0.0,1.19,,,0.0,734.18362017,85.81366989,-50.85254512,0.0,2.31,0.27,-0.16,0.0,Msini,0.089,0.036,-0.027,0.0,0.0434,0.0048,-0.0048,0.0,125.37,3.5,-3.5,0.0,0,,5687.0,49.0,-49.0,0.0,1.066,0.012,-0.012,0.0,1.03,0.04,-0.03,0.0,0.32,0.08,-0.08,0.0,[Fe/H],4.4,0.012,-0.012,0.0,19h09m54.88s,287.4786474,+38d13m44.67s,38.2290751,230.869,1.316,-1.301,11.567,0.021,-0.021,9.968,0.018,-0.018,11.4395,0.000276,-0.000276,"287.4786474,38.2290751",0.5,5.5,matched,60.0,115.4345,0.04418089912461179,11.151266255989048,1.0,129306.55330544298
Kepler-515 b,Kepler-515,2,1,Transit,2016,Kepler,0,19.96371318,5.659e-05,-5.659e-05,0.0,0.1333,,,0.0,1.46,0.06,-0.05,0.0,0.13025248,0.00535284,-0.0044607,0.0,2.73,,,0.0,0.00859,,,0.0,M-R relationship,0.0,,,0.0,47.97,0.0,0.0,0.0,564.0,,,0.0,0,,5293.0,49.66,-61.29,0.0,0.83,0.033,-0.025,0.0,0.9,0.031,-0.033,0.0,0.08,0.139,-0.112,0.0,[Fe/H],4.55,0.022,-0.034,0.0,19h21m58.54s,290.493913,+52d03m20.20s,52.055611,255.0,10.467,-9.17,12.913,0.172,-0.172,10.885,0.026,-0.026,,,,"290.493913,52.055611",2.0,2.0,matched,60.0,510.0,0.00026137254901960783,0.054657667843942506,1.0,3061055311.7009854
Kepler-517 b,Kepler-517,2,1,Transit,2016,Kepler,0,60.92832271,7.053e-05,-7.053e-05,0.0,0.28682,0.00162,-0.00162,0.0,2.67,0.32,-0.22,0.0,0.23820145,0.02854849,-0.01962709,0.0,7.61,,,0.0,0.0239,,,0.0,M-R relationship,0.0,,,0.0,10.555,0.233,-0.228,0.0,467.0,,,0.0,0,,5690.0,85.16,-68.99,0.0,0.98,0.118,-0.082,0.0,0.95,0.043,-0.043,0.0,-0.06,0.106,-0.115,0.0,[Fe/H],4.43,0.079,-0.101,0.0,19h34m42.12s,293.6755138,+41d17m42.74s,41.2952061,289.907,2.07,-2.041,12.372,0.034,-0.034,10.631,0.018,-0.018,12.1297,0.000169,-0.000169,"293.6755138,41.2952061",5.8,6.5,matched,60.0,1681.4605999999999,0.0001705778892470035,0.1668126562902122,1.0,33609402345.59913
Kepler-519 b,Kepler-519,2,1,Transit,2016,Kepler,0,24.3078946,2.446e-05,-2.446e-05,0.0,0.15932,0.00084,-0.00084,0.0,2.1,0.06,-0.04,0.0,0.18734945,0.00535284,-0.00356856,0.0,5.06,,,0.0,0.0159,,,0.0,M-R relationship,0.0,,,0.0,19.87,0.456,-0.447,0.0,532.0,,,0.0,0,,5260.0,74.38,-70.24,0.0,0.8,0.014,-0.015,0.0,0.89,0.02,-0.028,0.0,0.01,0.092,-0.091,0.0,[Fe/H],4.58,0.007,-0.008,0.0,19h57m16.72s,299.3196708,+41d23m05.08s,41.3847447,246.61,1.454,-1.437,12.77,0.069,-0.069,10.761,0.021,-0.021,12.6181,0.000723,-0.000723,"299.3196708,41.3847447",2.0,5.3,matched,60.0,493.22,0.0003230201532784558,0.06655138836413416,1.0,1974550581.0829484
Kepler-530 b,Kepler-530,2,1,Transit,2016,Kepler,0,39.30941904,4.834e-05,-4.834e-05,0.0,0.21491,0.00268,-0.00268,0.0,3.01,0.17,-0.1,0.0,0.26853421,0.01516638,-0.0089214,0.0,9.32,,,0.0,0.0293,,,0.0,M-R relationship,0.0,,,0.0,14.238,0.325,-0.319,0.0,488.0,,,0.0,0,,5697.0,56.57,-50.16,0.0,0.89,0.025,-0.025,0.0,0.97,0.029,-0.031,0.0,-0.08,0.098,-0.093,0.0,[Fe/H],4.53,0.015,-0.015,0.0,18h53m21.67s,283.3402948,+48d32m56.62s,48.549062,457.709,3.087,-3.046,13.502,0.092,-0.092,11.9,0.02,-0.02,13.3949,0.000222,-0.000222,"283.3402948,48.549062",3.4,4.1,matched,60.0,1556.2105999999999,0.00013809827538766283,0.10762332386036962,1.0,40864071522.93169
Kepler-538 b,Kepler-538,2,1,Transit,2016,Kepler,0,81.73778,0.00013,-0.00013,0.0,0.3554,0.0068,-0.0047,0.0,2.215,0.04,-0.034,0.0,0.1976094,0.00356857,-0.00303328,0.0,12.9,2.9,-2.9,0.0,0.04058794,0.00912442,-0.00912442,0.0,Mass,0.21,,,1.0,5.07,0.29,-0.29,0.0,417.0,5.0,-5.0,0.0,0,,5534.0,61.0,-61.0,0.0,0.8717,0.0064,-0.0061,0.0,0.892,0.051,-0.035,0.0,-0.09,0.065,-0.065,0.0,[Fe/H],4.51,0.027,-0.038,0.0,19h49m56.77s,297.4865503,+49d37m24.23s,49.6233975,155.956,0.709,-0.703,11.27,0.018,-0.018,9.645001,0.013,-0.013,11.1647,0.000516,-0.000516,"297.4865503,49.6233975",7.1,7.1,matched,60.0,1107.2875999999999,0.0003209644901649761,0.22378584531143053,1.0,6768020297.789143
Kepler-636 b,Kepler-636,2,1,Transit,2016,Kepler,0,16.080661147,5.603e-06,-5.603e-06,0.0,0.1185,,,0.0,4.45,0.14,-0.13,0.0,0.39700241,0.01248996,-0.01159782,0.0,18.1,,,0.0,0.057,,,0.0,M-R relationship,0.0,,,0.0,67.509,2.398,-2.316,0.0,614.0,,,0.0,0,,5203.0,56.47,-72.86,0.0,0.8,0.023,-0.023,0.0,0.85,0.032,-0.04,0.0,-0.02,0.108,-0.109,0.0,[Fe/H],4.56,0.021,-0.025,0.0,19h34m22.09s,293.5920614,+41d05m42.32s,41.0950891,310.301,,,13.906,0.114,-0.114,11.584,0.021,-0.021,,,,"293.5920614,41.0950891",1.2,1.3,matched,60.0,372.3612,0.00031823938691786363,0.04402645077891855,1.0,1366003740.5229626
Kepler-743 b,Kepler-743,2,1,Transit,2016,Kepler,0,3.179262921,2.517e-06,-2.517e-06,0.0,0.04166,0.00047,-0.00047,0.0,1.21,0.03,-0.05,0.0,0.10794897,0.00267642,-0.0044607,0.0,1.92,,,0.0,0.00606,,,0.0,M-R relationship,0.0,,,0.0,397.252,7.447,-7.333,0.0,1101.0,,,0.0,0,,5486.0,77.47,-78.82,0.0,0.85,0.019,-0.02,0.0,0.94,0.025,-0.032,0.0,0.01,0.093,-0.095,0.0,[Fe/H],4.55,0.01,-0.012,0.0,19h42m17.82s,295.57423,+42d48m23.13s,42.8064255,278.987,2.087,-2.056,12.66,0.046,-0.046,10.777,0.012,-0.012,12.5411,0.00021,-0.00021,"295.57423,42.8064255",2.0,6.0,matched,60.0,557.974,7.466297712796654e-05,0.008704347490759753,1.0,20913191348.882668
Kepler-908 b,Kepler-908,3,1,Transit,2016,Kepler,0,1.340597468,1.947e-06,-1.947e-06,0.0,0.02526,0.00017,-0.00017,0.0,1.22,0.1,-0.08,0.0,0.10884111,0.0089214,-0.00713712,0.0,1.98,,,0.0,0.00624,,,0.0,M-R relationship,0.0,,,0.0,3304.101,70.215,-69.127,0.0,1783.0,,,0.0,0,,5973.0,89.43,-95.84,0.0,1.12,0.079,-0.067,0.0,1.11,0.04,-0.039,0.0,0.15,0.056,-0.063,0.0,[Fe/H],4.38,0.045,-0.058,0.0,19h41m17.41s,295.3225434,+39d22m35.26s,39.3764624,290.843,1.92,-1.896,11.607,0.017,-0.017,9.993,0.018,-0.018,11.465,0.000393,-0.000393,"295.3225434,39.3764624",2.8,5.5,matched,60.0,814.3604,3.101820766333923e-05,0.0036703558329911016,1.0,122986678473.6095
Kepler-951 b,Kepler-951,2,1,Transit,2016,Kepler,0,71.52530845,8.419e-05,-8.419e-05,0.0,0.3091,,,0.0,5.59,0.24,-0.26,0.0,0.4987064,0.02141137,-0.02319565,0.0,26.7,,,0.0,0.0839,,,0.0,M-R relationship,0.0,,,0.0,2.472,0.07,-0.068,0.0,340.0,,,0.0,0,,4834.0,86.05,-91.65,0.0,0.73,0.029,-0.034,0.0,0.77,0.036,-0.039,0.0,-0.01,0.157,-0.163,0.0,[Fe/H],4.6,0.022,-0.036,0.0,19h10m57.02s,287.7375794,+38d06m52.74s,38.1146488,382.509,3.467,-3.406,14.841,0.126,-0.126,12.251,0.023,-0.023,14.4908,0.000595,-0.000595,"287.7375794,38.1146488",4.6,4.6,matched,60.0,1759.5413999999998,0.0001756707742142356,0.19582562203969883,1.0,36121931839.5955
LTT 1445 A b,LTT 1445 A,3,2,Transit,2019,Transiting Exoplanet Survey Satellite (TESS),0,5.3587635,4.4e-06,-4.5e-06,0.0,0.0381,0.00067,-0.0007,0.0,1.34,0.11,-0.06,0.0,0.119547,0.00981356,-0.00535285,0.0,2.73,0.25,-0.23,0.0,0.00858954,0.00078659,-0.00072366,0.0,Mass,0.18,0.07,-0.06,0.0,5.7,1.3,-1.1,0.0,431.0,23.0,-23.0,0.0,0,M3.0,3562.0,83.0,-83.0,0.0,0.271,0.019,-0.01,0.0,0.257,0.014,-0.014,0.0,-0.34,0.08,-0.08,0.0,[Fe/H],4.97389,0.060229,-0.060229,0.0,03h01m50.99s,45.4624781,-16d35m40.18s,-16.5944956,6.86929,0.003805,-0.003805,10.59,0.046,-0.046,6.496,0.021,-0.021,10.0469,0.001234,-0.001234,"45.4624781,-16.5944956",2.0,3.3,matched,60.0,13.73858,0.0027732123698373484,0.014671494866529775,1.0,687899.4780676564
LTT 1445 A c,LTT 1445 A,3,2,Transit,2022,Transiting Exoplanet Survey Satellite (TESS),0,3.1239035,3.4e-06,-3.6e-06,0.0,0.02661,0.00047,-0.00049,0.0,1.147,0.055,-0.054,0.0,0.10232866,0.00490678,-0.00481757,0.0,1.54,0.2,-0.19,0.0,0.00484538,0.00062927,-0.00059781,0.0,Mass,0.223,,,1.0,10.9,2.4,-2.0,0.0,508.0,25.0,-25.0,0.0,0,M3.0,3340.0,150.0,-150.0,0.0,0.265,0.011,-0.01,0.0,0.257,0.014,-0.014,0.0,-0.34,0.09,-0.09,0.0,[Fe/H],4.97389,0.060229,-0.060229,0.0,03h01m50.99s,45.4624781,-16d35m40.18s,-16.5944956,6.86929,0.003805,-0.003805,10.59,0.046,-0.046,6.496,0.021,-0.021,10.0469,0.001234,-0.001234,"45.4624781,-16.5944956",2.0,3.3,matched,60.0,13.73858,0.001936881395311597,0.008552781656399727,1.0,1177059.1897723663
PH1 b,PH1,4,1,Transit,2012,Kepler,0,138.317,0.04,-0.027,0.0,0.652,0.012,-0.012,0.0,6.18,0.17,-0.17,0.0,0.551,0.015,-0.015,0.0,169.0,,,1.0,0.531,,,1.0,Mass,0.0702,0.0029,-0.0039,0.0,10.7524,,,0.0,481.0,18.0,-18.0,0.0,0,F,6407.0,150.0,-150.0,0.0,1.734,0.044,-0.044,0.0,1.528,0.087,-0.087,0.0,0.21,0.08,-0.08,0.0,[Fe/H],4.14,,,0.0,19h52m51.62s,298.2150641,+39d57m18.31s,39.9550863,1033.16,,,13.841,0.149,-0.149,12.395,0.021,-0.021,13.6988,0.001604,-0.001604,"298.2150641,39.9550863",0.7,3.0,matched,60.0,723.212,0.0009015337134892674,0.3786913073237509,1.0,516820128.71182406
TOI-1333 b,TOI-1333,2,1,Transit,2021,Transiting Exoplanet Survey Satellite (TESS),0,4.720219,1.1e-05,-1.1e-05,0.0,0.0626,0.0011,-0.0012,0.0,15.647764,0.627704,-0.605286,0.0,1.396,0.056,-0.054,0.0,753.2571,76.2792,-76.2792,0.0,2.37,0.24,-0.24,0.0,Mass,0.073,0.092,-0.052,0.0,1112.85,,,0.0,1679.0,35.0,-34.0,0.0,0,,6274.0,97.0,-97.0,0.0,1.925,0.064,-0.063,0.0,1.464,0.076,-0.079,0.0,0.119,0.078,-0.077,0.0,[Fe/H],4.034,0.032,-0.033,0.0,21h40m03.49s,325.0145363,+48d24m24.36s,48.4067674,200.492,1.202,-1.188,9.438,0.003,-0.003,8.272,0.024,-0.024,9.35039,0.000213,-0.000213,"325.0145363,48.4067674",5.0,5.0,matched,60.0,1002.4599999999999,6.244638190052472e-05,0.0129232553045859,1.0,53070121500.89735
TOI-1450 A b,TOI-1450 A,2,2,Transit,2024,Transiting Exoplanet Survey Satellite (TESS),0,2.0439274,1e-06,-1e-06,0.0,0.02467917133957676,,,,1.13,0.043,-0.043,0.0,0.10081202,0.00383621,-0.00383621,0.0,1.258,0.128,-0.128,0.0,0.00395811,0.00040273,-0.00040273,0.0,Mass,,,,,44.9493,,,0.0,722.0,35.0,-35.0,0.0,0,M3.0 V,3437.0,86.0,-86.0,0.0,0.483,0.025,-0.025,0.0,0.48,0.024,-0.024,0.0,-0.12,0.17,-0.17,0.0,[Fe/H],4.76,0.04,-0.04,0.0,19h07m24.98s,286.8540627,+59d05m11.85s,59.0866254,22.4467,0.0132,-0.0131,12.28,0.2,-0.2,7.565,0.017,-0.017,11.2394,0.000676,-0.000676,"286.8540627,59.0866254",3.4,3.4,matched,60.0,76.31878,0.00032336957351226996,0.005595968240930869,1.0,165492295.30564862
TOI-1450 A c,TOI-1450 A,2,2,Transit,2024,Gemini Observatory,0,5.0688,0.0019,-0.0019,0.0,0.04521581533060778,,,,1.13,,,0.0,0.101,,,0.0,1.527,0.181,-0.181,0.0,0.00480448,0.00056949,-0.00056949,0.0,Msini,,,,,,,,,533.0,26.0,-26.0,0.0,0,M3.0 V,3437.0,86.0,-86.0,0.0,0.483,0.025,-0.025,0.0,0.48,0.024,-0.024,0.0,-0.12,0.17,-0.17,0.0,[Fe/H],4.76,0.04,-0.04,0.0,19h07m24.98s,286.8540627,+59d05m11.85s,59.0866254,22.4467,0.0132,-0.0131,12.28,0.2,-0.2,7.565,0.017,-0.017,11.2394,0.000676,-0.000676,"286.8540627,59.0866254",3.4,3.4,matched,60.0,76.31878,0.0005924598811800683,0.013877618069815197,1.0,66732606.70456649
TOI-4336 A b,TOI-4336 A,3,2,Transit,2024,Transiting Exoplanet Survey Satellite (TESS),0,16.336351,1.7e-05,-1.7e-05,0.0,0.0849,0.00073,-0.00075,0.0,2.137,0.08,-0.08,0.0,0.1906507,0.00713713,-0.00713713,0.0,3.33,0.34,-0.37,0.0,0.01047735,0.00106976,-0.00116415,0.0,Mass,0.0,,,0.0,1.53,0.14,-0.14,0.0,309.4,6.9,-7.4,0.0,0,M3.5 V,3307.0,94.0,-94.0,0.0,0.326,0.01,-0.01,0.0,0.306,0.008,-0.008,0.0,0.14,0.13,-0.13,0.0,[Fe/H],4.897,0.029,-0.029,0.0,13h44m25.68s,206.1070129,-40d20m14.46s,-40.3373505,22.5455,0.0383,-0.0382,13.6,0.092,-0.092,8.632,0.024,-0.024,12.2569,0.000484,-0.000484,"206.1070129,-40.3373505",6.3,98.4,matched,60.0,142.03665,0.0005977330498853641,0.04472649144421629,1.0,209431991.66819057
TOI-4336 A c,TOI-4336 A,3,2,Transit,2026,Multiple Observatories,0,7.587266,1.2e-05,-1.2e-05,0.0,0.05092,0.00045,-0.00045,0.0,1.251,0.066,-0.066,0.0,0.11160694,0.00588814,-0.00588814,0.0,1.55,0.13,-0.13,0.0,0.00487685,0.00040903,-0.00040903,0.0,Mass,0.0,,,0.0,4.24,0.39,-0.39,0.0,399.5,8.9,-9.5,0.0,0,M3.5 V,3307.0,94.0,-94.0,0.0,0.326,0.01,-0.01,0.0,0.306,0.008,-0.008,0.0,0.14,0.13,-0.13,0.0,[Fe/H],4.897,0.029,-0.029,0.0,13h44m25.68s,206.1070129,-40d20m14.46s,-40.3373505,22.5455,0.0383,-0.0382,13.6,0.092,-0.092,8.632,0.024,-0.024,12.2569,0.000484,-0.000484,"206.1070129,-40.3373505",6.3,98.4,matched,60.0,142.03665,0.00035849902120333024,0.020772802190280628,1.0,450849053.9930078
TrES-1 b,TrES-1,2,1,Transit,2004,TrES,0,3.03007,8e-06,-8e-06,0.0,0.03925,0.00056,-0.0006,0.0,12.66617,0.67254,-0.67254,0.0,1.13,0.06,-0.06,0.0,266.9772,34.9613,-34.9613,0.0,0.84,0.11,-0.11,0.0,Mass,0.0,,,0.0,318.4582,,,0.0,1140.0,13.0,-12.0,0.0,0,K0 V,5230.0,50.0,-50.0,0.0,0.85,0.05,-0.05,0.0,1.04,0.19,-0.19,0.0,0.02,,,0.0,[Fe/H],4.57,0.01,-0.01,0.0,19h04m09.81s,286.0408755,+36d37m57.13s,36.632536,159.658,0.736,-0.73,11.424,0.019,-0.019,9.819,0.019,-0.019,11.5565,0.00029,-0.00029,"286.0408755,36.632536",2.3,5.5,matched,60.0,367.2133999999999,0.00010688607768670754,0.008295879534565365,1.0,6793585034.310058
TrES-2 b,TrES-2,2,1,Transit,2006,TrES,0,2.47063,1e-05,-1e-05,0.0,0.03568,0.00042,-0.00042,0.0,15.24424,0.89672,-0.89672,0.0,1.36,0.08,-0.08,0.0,473.5667,69.9226,-69.9226,0.0,1.49,0.22,-0.22,0.0,Mass,0.0,,,0.0,903.864,20.395,-20.041,0.0,1466.0,9.0,-9.0,0.0,0,G0 V,5850.0,50.0,-50.0,0.0,1.12,0.07,-0.07,0.0,1.36,0.3,-0.3,0.0,-0.15,,,0.0,[Fe/H],4.43,0.02,-0.02,0.0,19h07m14.05s,286.8085258,+49d18m59.12s,49.3164211,215.32,1.05,-1.039,11.254,0.011,-0.011,9.846,0.022,-0.022,11.2819,0.000472,-0.000472,"286.8085258,49.3164211",1.1,6.0,matched,60.0,236.852,0.0001506425953760154,0.006764216290212183,1.0,1978673410.7146022
WASP-11 b,WASP-11,3,1,Transit,2008,SuperWASP,0,3.72247,7e-06,-7e-06,0.0,0.0435,0.0006,-0.0006,0.0,12.44199,1.1209,-1.1209,0.0,1.11,0.1,-0.1,0.0,251.0857,54.0311,-54.0311,0.0,0.79,0.17,-0.17,0.0,Mass,0.0,,,0.0,184.988,,,0.0,992.0,14.0,-14.0,0.0,0,K3 V,4800.0,100.0,-100.0,0.0,0.89,0.08,-0.08,0.0,1.42,0.43,-0.43,0.0,0.0,,,0.0,[Fe/H],4.45,0.2,-0.2,0.0,03h09m28.55s,47.3689472,+30d40m24.17s,30.6733817,124.73,2.112,-2.044,11.567,0.029,-0.029,9.421,0.017,-0.017,11.5535,0.000551,-0.000551,"47.3689472,30.6733817",0.3,0.3,matched,60.0,37.419,0.0011625110238114326,0.010191567419575633,1.0,6487087.294297715
WASP-12 b,WASP-12,3,1,Transit,2008,SuperWASP,0,1.091418901,1.8e-08,-1.8e-08,0.0,0.0234,0.001,-0.001,0.0,22.02564708,0.9863903,-0.97518132,0.0,1.965,0.088,-0.087,0.0,467.2101,24.15508,-21.93027,0.0,1.47,0.076,-0.069,0.0,Mass,0.0447,0.0043,-0.0043,0.0,8220.584,,,0.0,2601.0,18.0,-18.0,0.0,0,,6265.0,50.0,-50.0,0.0,1.69,0.019,-0.018,0.0,1.325,0.026,-0.018,0.0,0.12,0.07,-0.07,0.0,[Fe/H],4.11,0.11,-0.11,0.0,06h30m32.79s,97.636645,+29d40m20.16s,29.6722662,427.246,6.068,-5.903,11.569,0.023,-0.023,10.188,0.02,-0.02,11.4999,0.000538,-0.000538,"97.636645,29.6722662",1.0,1.1,matched,60.0,427.246,5.4769383446539e-05,0.002988142097193703,1.0,18188114936.051296
WASP-123 b,WASP-123,2,1,Transit,2016,SuperWASP,0,2.97764359,5.2e-07,-5.2e-07,0.0,0.04263,0.00074,-0.00074,0.0,15.13212395,0.56044903,-0.56044903,0.0,1.35,0.05,-0.05,0.0,285.72917,11.44188,-11.44188,0.0,0.899,0.036,-0.036,0.0,Mass,0.0,,,0.0,758.324,,,0.0,1500.0,40.0,-40.0,0.0,0,G5,5740.0,130.0,-130.0,0.0,1.285,0.051,-0.051,0.0,1.166,0.061,-0.061,0.0,0.18,0.08,-0.08,0.0,[Fe/H],4.286,0.032,-0.032,0.0,19h17m55.01s,289.4792124,-32d51m36.45s,-32.8601244,197.996,3.083,-2.993,11.03,0.016,-0.016,9.362001,0.021,-0.021,10.8999,0.000332,-0.000332,"289.4792124,-32.8601244",4.6,26.9,matched,60.0,910.7816,4.6805952162406446e-05,0.008152343846680355,1.0,79502216282.5244
WASP-129 b,WASP-129,2,1,Transit,2016,SuperWASP-South,0,5.748145,4e-06,-4e-06,0.0,0.0628,0.0007,-0.0007,0.0,10.42437,0.33627,-0.33627,0.0,0.93,0.03,-0.03,0.0,317.83,31.783,-31.783,0.0,1.0,0.1,-0.1,0.0,Mass,0.096,,,1.0,345.7201,,,0.0,1100.0,25.0,-25.0,0.0,0,G1,5900.0,100.0,-100.0,0.0,0.9,0.02,-0.02,0.0,1.0,0.03,-0.03,0.0,0.15,0.09,-0.09,0.0,[Fe/H],4.53,0.02,-0.02,0.0,11h45m11.77s,176.2990518,-42d03m50.25s,-42.0639575,301.462,3.38,-3.307,12.179,0.025,-0.025,10.412,0.023,-0.023,11.8127,0.000232,-0.000232,"176.2990518,-42.0639575",4.3,23.9,matched,60.0,1296.2866,4.844607666236772e-05,0.015737563312799453,1.0,138408146899.05954
WASP-14 b,WASP-14,3,1,Transit,2008,SuperWASP,0,2.24375,1e-05,-1e-05,0.0,0.037,0.001,-0.001,0.0,15.46842,0.89672,-0.89672,0.0,1.38,0.08,-0.08,0.0,2809.6172,444.962,-444.962,0.0,8.84,1.4,-1.4,0.0,Mass,0.09,0.0,0.0,0.0,1356.33,,,0.0,1872.0,29.0,-29.0,0.0,0,,6475.0,100.0,-100.0,0.0,1.4,0.08,-0.08,0.0,1.62,0.39,-0.39,0.0,0.0,,,0.0,[Fe/H],4.07,0.2,-0.2,0.0,14h33m06.39s,218.2766247,+21d53m40.87s,21.8946875,161.997,0.81,-0.802,9.745,0.004,-0.004,8.621,0.019,-0.019,9.64647,0.000345,-0.000345,"218.2766247,21.8946875",1.5,11.5,matched,60.0,242.99550000000002,0.00015226619422993427,0.006143052703627652,1.0,1740098217.7961564
WASP-2 b,WASP-2,2,1,Transit,2007,SuperWASP,0,2.152175,1.2e-05,-1.1e-05,0.0,0.03144,0.00088,-0.00087,0.0,12.116929,0.459569,-0.44836,0.0,1.081,0.041,-0.04,0.0,295.89973,19.0698,-18.43414,0.0,0.931,0.06,-0.058,0.0,Mass,0.0054,0.009,-0.0044,0.0,492.0,80.0,-71.0,0.0,1311.0,52.0,-50.0,0.0,0,K1,5180.0,190.0,-190.0,0.0,0.866,0.031,-0.03,0.0,0.895,0.077,-0.072,0.0,0.12,0.21,-0.19,0.0,[Fe/H],4.514,0.018,-0.018,0.0,20h30m54.13s,307.7255587,+06d25m45.59s,6.4293305,153.242,1.64,-1.605,11.728,0.034,-0.034,9.632,0.024,-0.024,11.5638,0.001019,-0.001019,"307.7255587,6.4293305",0.7,19.9,matched,60.0,107.26939999999999,0.00029309383663933986,0.00589233401779603,1.0,234027719.1054266
WASP-24 b,WASP-24,3,1,Transit,2010,SuperWASP,0,2.34121,2e-06,-2e-06,0.0,0.03651,0.00028,-0.00028,0.0,15.46842,1.79344,-1.79344,0.0,1.38,0.16,-0.16,0.0,394.1092,92.1707,-92.1707,0.0,1.24,0.29,-0.29,0.0,Mass,0.0,,,0.0,934.465,,,0.0,1772.0,29.0,-29.0,0.0,0,,6075.0,100.0,-100.0,0.0,1.42,0.16,-0.16,0.0,1.43,0.5,-0.5,0.0,0.0,,,0.0,[Fe/H],4.26,0.17,-0.17,0.0,15h08m51.72s,227.2154975,+02d20m35.83s,2.343286,322.114,4.498,-4.378,11.219,0.017,-0.017,10.148,0.023,-0.023,11.3945,0.000432,-0.000432,"227.2154975,2.343286",16.5,21.7,matched,60.0,5314.880999999999,6.869391807643484e-06,0.006409883641341547,1.0,19774034265089.105
WASP-3 b,WASP-3,3,1,Transit,2007,SuperWASP,0,1.84683,2e-06,-2e-06,0.0,0.0315,0.0003,-0.0003,0.0,15.91678,1.90553,-1.90553,0.0,1.42,0.17,-0.17,0.0,772.3269,168.4499,-168.4499,0.0,2.43,0.53,-0.53,0.0,Mass,0.0,,,0.0,1845.3,,,0.0,2020.0,35.0,-35.0,0.0,0,,6400.0,100.0,-100.0,0.0,1.44,0.12,-0.12,0.0,1.62,0.53,-0.53,0.0,0.0,,,0.0,[Fe/H],4.25,0.05,-0.05,0.0,18h34m31.62s,278.6317411,+35d39m41.15s,35.6614312,231.161,1.648,-1.625,10.632,0.007,-0.007,9.361,0.015,-0.015,10.4525,0.000267,-0.000267,"278.6317411,35.6614312",1.2,17.9,matched,60.0,277.3932,0.00011355721769675682,0.005056344969199178,1.0,3452967307.241327
WASP-36 b,WASP-36,2,1,Transit,2011,SuperWASP,0,1.53736596,2.4e-07,-2.4e-07,0.0,0.02677,0.00028,-0.00028,0.0,14.874343,0.235389,-0.235389,0.0,1.327,0.021,-0.021,0.0,750.39663,22.2481,-22.2481,0.0,2.361,0.07,-0.07,0.0,Mass,0.0,,,0.0,1422.6075,,,0.0,1733.0,19.0,-19.0,0.0,0,,5959.0,134.0,-134.0,0.0,0.985,0.014,-0.014,0.0,1.081,0.034,-0.034,0.0,-0.26,0.1,-0.1,0.0,[Fe/H],4.486,0.009,-0.009,0.0,08h46m19.29s,131.5803897,-08d01m37.15s,-8.0269855,386.346,5.261,-5.123,12.836,0.103,-0.103,11.294,0.026,-0.026,12.6284,0.000208,-0.000208,"131.5803897,-8.0269855",4.9,17.8,matched,60.0,1893.0954000000002,1.414086157517471e-05,0.004209078603696099,1.0,1488536276876.2625
WASP-49 b,WASP-49,2,1,Transit,2012,SuperWASP,0,2.78174,6e-06,-6e-06,0.0,0.0379,0.001,-0.0011,0.0,12.44199,1.23299,-1.23299,0.0,1.11,0.11,-0.11,0.0,117.5971,25.4264,-25.4264,0.0,0.37,0.08,-0.08,0.0,Mass,0.0,,,0.0,615.4709,,,0.0,1400.0,80.0,-80.0,0.0,0,G6 V,5600.0,150.0,-150.0,0.0,0.97,0.09,-0.09,0.0,0.92,0.3,-0.3,0.0,-0.23,,,0.0,[Fe/H],4.5,0.1,-0.1,0.0,06h04m21.53s,91.0897193,-16d57m55.40s,-16.9653901,194.553,1.203,-1.189,11.352,0.011,-0.011,9.749,0.021,-0.021,11.2907,0.000469,-0.000469,"91.0897193,-16.9653901",2.2,21.8,matched,60.0,428.01660000000004,8.85479675321004e-05,0.0076159890485968515,1.0,10969593126.252363
WASP-55 b,WASP-55,2,1,Transit,2012,SuperWASP,0,4.465631,1.3e-06,-1.3e-06,0.0,0.0558,0.0006,-0.0006,0.0,14.72860064,0.23538859,-0.28022452,0.0,1.314,0.021,-0.025,0.0,186.2474465,10.48833743,-10.17050902,0.0,0.586,0.033,-0.032,0.0,Mass,0.0,,,0.0,504.0,96.0,-93.0,0.0,1342.0,111.0,-110.0,0.0,0,,6096.0,71.0,-71.0,0.0,1.09,0.012,-0.013,0.0,1.071,0.025,-0.025,0.0,-0.03,0.04,-0.04,0.0,[Fe/H],4.393,0.015,-0.015,0.0,13h35m01.97s,203.7581951,-17d30m12.59s,-17.5034961,297.462,3.959,-3.858,11.753,0.031,-0.031,10.396,0.024,-0.024,11.7747,0.000246,-0.000246,"203.7581951,-17.5034961",4.4,20.1,matched,60.0,1308.8328000000001,4.263340588652729e-05,0.012226231348391512,1.0,157776574515.05356
WASP-64 b,WASP-64,2,1,Transit,2012,SuperWASP,0,1.5732918,1.5e-06,-1.5e-06,0.0,0.02648,0.00024,-0.00024,0.0,14.247,0.437,-0.437,0.0,1.271,0.039,-0.039,0.0,403.945,21.612,-21.612,0.0,1.271,0.068,-0.068,0.0,Mass,0.0,,,0.0,1563.6374,,,0.0,1689.0,49.0,-49.0,0.0,0,G7,5400.0,100.0,-100.0,0.0,1.058,0.025,-0.025,0.0,1.004,0.028,-0.028,0.0,-0.08,0.11,-0.11,0.0,[Fe/H],4.392,0.016,-0.016,0.0,06h44m27.58s,101.1149223,-32d51m30.20s,-32.8583878,369.926,3.026,-2.979,12.704,0.069,-0.069,10.956,0.019,-0.019,12.5257,0.000384,-0.000384,"101.1149223,-32.8583878",4.6,24.2,matched,60.0,1701.6595999999997,1.556127911833836e-05,0.004307438193018481,1.0,1143097241473.0605
WASP-68 b,WASP-68,2,1,Transit,2014,SuperWASP,0,5.0843,1.5e-05,-1.5e-05,0.0,0.06206,0.00045,-0.0004,0.0,14.79588,1.56926,-1.56926,0.0,1.32,0.14,-0.14,0.0,343.2564,79.4575,-79.4575,0.0,1.08,0.25,-0.25,0.0,Mass,0.0,,,0.0,843.4794,,,0.0,1490.0,44.0,-29.0,0.0,0,G0,5910.0,60.0,-60.0,0.0,1.79,0.19,-0.19,0.0,1.49,0.53,-0.53,0.0,0.22,,,0.0,[Fe/H],4.17,0.11,-0.11,0.0,20h20m22.97s,305.0957239,-19d18m53.02s,-19.3147271,226.399,1.621,-1.599,10.674,0.008,-0.008,8.948,0.022,-0.022,10.4092,0.000262,-0.000262,"305.0957239,-19.3147271",13.1,23.1,matched,60.0,2965.8269,2.0925024316152773e-05,0.013920054757015743,1.0,1519298222109.162
WASP-70 A b,WASP-70 A,2,1,Transit,2014,SuperWASP,0,3.7130203,4.7e-06,-4.7e-06,0.0,0.04853,0.00062,-0.00062,0.0,13.047,0.818,-1.143,0.0,1.164,0.073,-0.102,0.0,187.512,6.992,-6.992,0.0,0.59,0.022,-0.022,0.0,Mass,0.0,,,0.0,649.1548,,,0.0,1387.0,40.0,-40.0,0.0,0,G4,5763.0,79.0,-79.0,0.0,1.215,0.064,-0.089,0.0,1.106,0.042,-0.042,0.0,-0.006,0.063,-0.063,0.0,[Fe/H],4.314,0.052,-0.036,0.0,21h01m54.53s,315.4771912,-13d26m00.18s,-13.4333821,222.355,2.888,-2.816,10.786,0.013,-0.013,9.58,0.03,-0.03,11.0323,0.000558,-0.000558,"315.4771912,-13.4333821",3.1,12.0,matched,60.0,689.3004999999999,7.04047073808883e-05,0.010165695550992471,1.0,29129431283.035263
WASP-85 A b,WASP-85 A,2,1,Transit,2016,K2,0,2.6556777,4.4e-07,-4.4e-07,0.0,0.039,0.001,-0.001,0.0,13.89916,0.33627,-0.33627,0.0,1.24,0.03,-0.03,0.0,402.05495,20.65895,-20.65895,0.0,1.265,0.065,-0.065,0.0,Mass,0.0,,,0.0,640.3258,,,0.0,1452.0,6.0,-6.0,0.0,0,G5 V,6112.0,27.0,-27.0,0.0,0.935,0.023,-0.023,0.0,1.09,0.08,-0.08,0.0,0.118,0.019,-0.019,0.0,[M/H],4.48,0.11,-0.11,0.0,11h43m37.93s,175.9080328,+06d33m49.62s,6.5637842,141.887,1.229,-1.208,10.72,0.01,-0.01,8.733,0.026,-0.026,10.6241,0.000959,-0.000959,"175.9080328,6.5637842",1.3,140.9,matched,60.0,184.4531,0.0002114358609315864,0.007270849281314168,1.0,769217572.1743914
WASP-87 b,WASP-87,2,1,Transit,2016,Anglo-Australian Telescope,0,1.682795,1.9e-06,-1.9e-06,0.0,0.02946,0.00075,-0.00075,0.0,15.524465,0.67254,-0.67254,0.0,1.385,0.06,-0.06,0.0,692.8694,47.6745,-47.6745,0.0,2.18,0.15,-0.15,0.0,Mass,0.0,,,0.0,4170.0965,,,0.0,2049.54,,,0.0,0,,6450.0,120.0,-120.0,0.0,1.627,0.062,-0.062,0.0,1.204,0.093,-0.093,0.0,,,,,,4.32,0.21,-0.21,0.0,12h21m17.92s,185.3246821,-52d50m26.94s,-52.8408163,298.392,3.622,-3.536,10.727,0.006,-0.006,9.552,0.025,-0.025,10.7091,0.000307,-0.000307,"185.3246821,-52.8408163",4.0,31.3,matched,60.0,1193.568,2.4682297112523124e-05,0.004607241615331965,1.0,306396825162.9554
WD 1856+534 b,WD 1856+534,3,1,Transit,2020,Transiting Exoplanet Survey Satellite (TESS),0,1.4079405,1.1e-06,-1.1e-06,0.0,0.0204,0.0012,-0.0012,0.0,10.4,1.0,-1.0,0.0,0.92782585,0.08921402,-0.08921402,0.0,4386.054,,,0.0,13.8,,,0.0,Mass,0.0,,,0.0,0.181,0.018,-0.018,0.0,163.0,14.0,-18.0,0.0,0,DC,4710.0,60.0,-60.0,0.0,0.0131,0.00054,-0.00054,0.0,0.518,0.055,-0.055,0.0,,,,,,7.915,0.03,-0.03,0.0,18h57m39.76s,284.415675,+53d30m32.49s,53.5090244,24.7359,0.0435,-0.0433,17.244,0.046,-0.046,15.548,0.186,-0.186,16.958,0.000967,-0.000967,"284.415675,53.5090244",1.5,42.5,matched,60.0,37.10385,0.0005498081735453329,0.0038547310061601645,1.0,23193190.84571101
alf Tau b,alf Tau,2,1,Radial Velocity,2015,Multiple Observatories,1,628.96,0.9,-0.9,0.0,1.46,0.27,-0.27,0.0,12.7,,,0.0,1.13,,,0.0,2056.3601,168.4499,-168.4499,0.0,6.47,0.53,-0.53,0.0,Msini,0.1,0.05,-0.05,0.0,220.442,81.5333,-81.5333,0.0,1086.77,102.23,-102.23,0.0,0,K5 III,4055.0,70.0,-70.0,0.0,45.1,0.1,-0.1,0.0,1.13,0.11,-0.11,0.0,-0.27,0.05,-0.05,0.0,[Fe/H],1.2,0.1,-0.1,0.0,04h35m55.24s,68.980174,+16d30m33.12s,16.509201,20.4332,0.3214,-0.3214,0.872,0.023,-0.023,-3.044,0.14,-0.14,,,,"68.980174,16.509201",30.5,271.4,matched,60.0,623.2126,0.0023426997464428673,1.7219986310746065,1.0,133931554.70337307
bet Cnc b,bet Cnc,2,1,Radial Velocity,2014,Bohyunsan Optical Astronomical Observatory,0,605.2,4.0,-4.0,0.0,1.7,0.1,-0.1,0.0,12.6,,,0.0,1.12,,,0.0,2479.0,254.3,-254.3,0.0,7.8,0.8,-0.8,0.0,Msini,0.08,0.02,-0.02,0.0,274.8541,,,0.0,1039.74,34.06,-34.06,0.0,0,K4 III,4092.1,17.5,-17.5,0.0,47.2,1.3,-1.3,0.0,1.7,0.1,-0.1,0.0,-0.29,0.06,-0.06,0.0,[Fe/H],1.4,0.1,-0.1,0.0,08h16m30.87s,124.1286379,+09d11m07.19s,9.1853306,89.0472,7.69152,-7.69152,3.51012,0.023,-0.023,0.19,0.202,-0.202,3.04628,0.0102768,-0.0102768,"124.1286379,9.1853306",29.1,69.0,matched,60.0,2591.27352,0.0006560480732269436,1.6569472963723477,1.0,5868156689.999662
gam Cep b,gam Cep,2,1,Radial Velocity,2003,Multiple Observatories,0,904.0,0.7,-0.7,0.0,1.978,0.007,-0.007,0.0,12.5,,,0.0,1.12,,,0.0,2987.5870258,222.4798849,-349.6112477,0.0,9.4,0.7,-1.1,0.0,Mass,0.07,0.03,-0.03,0.0,3.0238,0.0351,-0.0351,0.0,356.44,3.75,-3.75,0.0,0,K1 III-IV,4775.0,33.0,-31.0,0.0,4.74,0.07,-0.08,0.0,1.26,0.01,-0.01,0.0,0.2,0.07,-0.07,0.0,[Fe/H],3.189,0.007,-0.008,0.0,23h39m20.60s,354.8358233,+77d37m59.16s,77.6331009,14.1024,0.0989298,-0.0989298,3.23006,0.023,-0.023,1.038,0.206,-0.206,2.92627,0.0056611,-0.0056611,"354.8358233,77.6331009",0.9,0.9,matched,60.0,12.69216,0.1558442377026448,2.4750171115674195,1.0,653.8919019012444
gam1 Leo b,gam1 Leo,2,1,Radial Velocity,2009,Bohyunsan Optical Astronomical Observatory,0,428.5,1.25,-1.25,0.0,1.19,0.02,-0.02,0.0,12.5,,,0.0,1.12,,,0.0,2790.43,317.817,-317.817,0.0,8.78,1.0,-1.0,0.0,Msini,0.144,0.046,-0.046,0.0,228.5105,,,0.0,1080.7,29.0,-29.0,0.0,0,K1 IIIb Fe-0.5,4330.0,15.0,-15.0,0.0,31.88,1.61,-1.61,0.0,1.23,0.21,-0.21,0.0,-0.51,0.05,-0.05,0.0,[Fe/H],1.59,,,0.0,10h19m58.37s,154.993208,+19d50m29.00s,19.841389,39.8883,0.82736,-0.82736,1.99509,0.023,-0.023,-0.806,0.158,-0.158,,,,"154.993208,19.841389",3.7,333.0,matched,60.0,147.58671,0.008063056626169117,1.1731690622861055,1.0,2238007.162884645
omi UMa b,omi UMa,2,1,Radial Velocity,2012,Okayama Astrophysical Observatory,0,1569.81,12.76,-13.59,0.0,3.691,0.02,-0.021,0.0,13.0,,,0.0,1.16,,,0.0,1160.39151396,55.93779963,-94.71286529,0.0,3.651,0.176,-0.298,0.0,Msini,0.149,0.044,-0.079,0.0,8.4795,1.3979,-1.3979,0.0,473.88,,,0.0,0,G4 II-III,5075.0,,,0.0,13.84,1.19,-1.04,0.0,2.72,0.14,-0.16,0.0,-0.16,0.08,-0.1,0.0,[Fe/H],2.58,0.06,-0.05,0.0,08h30m15.59s,127.5649503,+60d43m03.74s,60.7177048,54.9149,2.06076,-2.06076,3.35214,0.023,-0.023,1.339,0.202,-0.202,3.14432,0.0007858,-0.0007858,"127.5649503,60.7177048",7.0,177.2,matched,60.0,384.40430000000003,0.009601869698127725,4.297905544147844,1.0,4855002.327110587
psi1 Dra B b,psi1 Dra B,3,1,Radial Velocity,2015,McDonald Observatory,0,3117.0,42.0,-42.0,0.0,4.43,0.04,-0.04,0.0,13.5,,,0.0,1.21,,,0.0,486.2799,31.783,-31.783,0.0,1.53,0.1,-0.1,0.0,Msini,0.4,0.05,-0.05,0.0,0.1079,0.002,-0.002,0.0,159.48,3.4,-3.4,0.0,0,G0 V,6212.0,75.0,-75.0,0.0,1.255735,0.047095,-0.038309,0.0,1.19,0.07,-0.07,0.0,0.01,0.06,-0.06,0.0,[Fe/H],4.2,0.12,-0.12,0.0,17h41m58.22s,265.4925754,+72d09m20.56s,72.1557114,22.7188,0.0258,-0.0258,5.808,0.015,-0.015,4.527,0.023,-0.023,5.64766,0.0012207,-0.0012207,"265.4925754,72.1557114",32.0,101.5,matched,60.0,727.0016,0.006093521664876665,8.53388090349076,1.0,37717378.41173394
tau Boo b,tau Boo,2,1,Radial Velocity,1996,Lick Observatory,0,3.3124568,6.9e-06,-6.9e-06,0.0,0.049,0.003,-0.003,0.0,12.8,,,0.0,1.14,,,0.0,1891.0,89.0,-89.0,0.0,5.95,0.28,-0.28,0.0,Mass,0.011,0.006,-0.006,0.0,1333.7826,172.0641,-172.0641,0.0,1682.02,67.51,-67.51,0.0,0,F7 V,6466.27,115.27,-96.8,0.0,1.42588,0.064285,-0.050469,0.0,1.32,0.243739,-0.184934,0.0,0.2642,0.02,-0.02,0.0,[M/H],4.25047,0.094496,-0.073871,0.0,13h47m15.23s,206.8134593,+17d27m25.79s,17.4571647,15.6521,0.0847,-0.0838,4.48635,0.023,-0.023,3.507,0.348,-0.348,4.36617,0.0064222,-0.0064222,"206.8134593,17.4571647",22.5,42.6,matched,60.0,352.17225,0.0001391364595024168,0.009069012457221082,1.0,3366953778.377846
ups And b,ups And,2,3,Radial Velocity,1996,Lick Observatory,0,4.617033,2.3e-05,-2.3e-05,0.0,0.05922166,2e-07,-2e-07,0.0,14.0,,,0.0,1.25,,,0.0,218.531,1.39839,-1.39839,0.0,0.6876,0.0044,-0.0044,0.0,Msini,0.0215,0.0007,-0.0007,0.0,955.9835,33.8627,-33.8627,0.0,1523.73,,,0.0,0,F8 V,6156.77,112.16,-112.16,0.0,1.56,,,0.0,1.3,,,0.0,0.1014,0.01,-0.01,0.0,[M/H],4.125176,0.024844,-0.024844,0.0,01h36m47.60s,24.1983534,+41d24m13.73s,41.4038147,13.4054,0.0635,-0.0629,4.09565,0.023,-0.023,2.859,0.274,-0.274,3.98687,0.0089371,-0.0089371,"24.1983534,41.4038147",55.4,286.8,matched,60.0,742.65916,7.974271804578563e-05,0.012640747433264888,1.0,24928701096.12856
ups And c,ups And,2,3,Radial Velocity,1999,Multiple Observatories,0,241.258,0.064,-0.064,0.0,0.827774,1.5e-05,-1.5e-05,0.0,12.3,,,0.0,1.1,,,0.0,4443.24112986,731.0053361,-1684.4905571,0.0,13.98,2.3,-5.3,0.0,Mass,0.2596,0.0079,-0.0079,0.0,4.8931,0.1733,-0.1733,0.0,407.56,,,0.0,0,F8 V,6156.77,112.16,-112.16,0.0,1.56,,,0.0,1.3,,,0.0,0.1014,0.01,-0.01,0.0,[M/H],4.125176,0.024844,-0.024844,0.0,01h36m47.60s,24.1983534,+41d24m13.73s,41.4038147,13.4054,0.0635,-0.0629,4.09565,0.023,-0.023,2.859,0.274,-0.274,3.98687,0.0089371,-0.0089371,"24.1983534,41.4038147",55.4,286.8,matched,60.0,742.65916,0.0011146082140830256,0.6605284052019165,1.0,477007031.4002851
ups And d,ups And,2,3,Radial Velocity,1999,Multiple Observatories,0,1276.46,0.57,-0.57,0.0,2.51329,0.00075,-0.00075,0.0,12.5,,,0.0,1.11,,,0.0,3257.74117175,222.4798849,-1048.8337431,0.0,10.25,0.7,-3.3,0.0,Mass,0.2987,0.0072,-0.0072,0.0,0.5308,0.0188,-0.0188,0.0,233.9,,,0.0,0,F8 V,6156.77,112.16,-112.16,0.0,1.56,,,0.0,1.3,,,0.0,0.1014,0.01,-0.01,0.0,[M/H],4.125176,0.024844,-0.024844,0.0,01h36m47.60s,24.1983534,+41d24m13.73s,41.4038147,13.4054,0.0635,-0.0629,4.09565,0.023,-0.023,2.859,0.274,-0.274,3.98687,0.0089371,-0.0089371,"24.1983534,41.4038147",55.4,286.8,matched,60.0,742.65916,0.003384176935217496,3.494757015742642,1.0,90169113.88148189
